Date,Open,High,Low,Close,Volume BTC,Volume USDT,Volume USDT mil
1/9/2020,8055.98,8055.98,7852.01,7886.92,22669.07,180145358.7,180.1453587
1/8/2020,8145.28,8455,7870,8055.98,100231.74,824509605.4,824.5096054
1/7/2020,7758,8207.68,7723.71,8145.28,81794.92,649686677.7,649.6866777
1/6/2020,7358.75,7795.34,7346.76,7758,49697.96,375953464.6,375.9534646
1/5/2020,7354.11,7495,7318,7358.75,34999.35,260108976.8,260.1089768
1/4/2020,7344.96,7404,7272.21,7354.11,27821.23,203985069.8,203.9850698
1/3/2020,6965.71,7405,6871.04,7344.96,61732.73,446708892.2,446.7088922
1/2/2020,7200.85,7212.5,6924.74,6965.71,28711.23,203113593.6,203.1135936
1/1/2020,7195.23,7255,7175.15,7200.85,15863.73,114510187,114.510187
12/31/2019,7246,7320,7145.01,7195.23,24256.85,175254678.7,175.2546787
12/30/2019,7388.24,7408.24,7220,7246,27565.74,201597036.8,201.5970368
12/29/2019,7316.14,7528.45,7288,7388.24,29020.09,214230169.8,214.2301698
12/28/2019,7254.74,7365.01,7238.67,7316.14,25071.48,183325442.7,183.3254427
12/27/2019,7202,7275.86,7076.42,7254.74,30768.07,221540289.1,221.5402891
12/26/2019,7204.63,7435,7157.12,7202,33167.16,240801175.8,240.8011758
12/25/2019,7255.77,7271.77,7128.86,7204.63,25457.83,183604082.8,183.6040828
12/24/2019,7317.09,7436.68,7157.04,7255.77,39505.57,288361632.7,288.3616327
12/23/2019,7501.44,7695.38,7265.84,7317.09,60987.27,457728969.9,457.7289699
12/22/2019,7132.75,7518.54,7122.47,7501.44,35292.5,257466562.3,257.4665623
12/21/2019,7187.83,7190.58,7105,7132.75,18190.18,129946909.3,129.9469093
12/20/2019,7150.3,7220,7079.5,7187.83,29759.82,212871398.4,212.8713984
12/19/2019,7277.83,7380,7038.31,7150.3,50624.1,362421773.7,362.4217737
12/18/2019,6623.82,7440,6435,7277.83,85595.89,585228255.8,585.2282558
12/17/2019,6891.72,6942.21,6560,6623.82,48961.97,331013406.3,331.0134063
12/16/2019,7118.59,7150,6836,6891.72,39497.8,276979882.7,276.9798827
12/15/2019,7064.05,7200.3,7008.35,7118.59,24422.47,173388488.8,173.3884888
12/14/2019,7258.48,7271.77,7012,7064.05,27222.69,194322690,194.32269
12/13/2019,7198.08,7309.05,7190.76,7258.48,25590.86,185220243.8,185.2202438
12/12/2019,7210,7295,7080.3,7198.08,38744.76,278210361,278.210361
12/11/2019,7224.13,7275.5,7125.66,7210,27874.05,201092209.9,201.0922099
12/10/2019,7338.64,7407.6,7157.1,7224.13,45187.19,330005517.3,330.0055173
12/9/2019,7510.11,7650,7273,7338.64,42385.3,315932460.7,315.9324607
12/8/2019,7488.21,7564,7374.86,7510.11,27712.74,207276549.7,207.2765497
12/7/2019,7527.47,7619.62,7470.16,7488.21,29505.47,221999827.1,221.9998271
12/6/2019,7389,7590.03,7305,7527.47,44263.35,327777514.6,327.7775146
12/5/2019,7194.32,7485,7150,7389,54542.99,399811623.8,399.8116238
12/4/2019,7292.71,7750,7067,7194.32,75289.06,550966803.5,550.9668035
12/3/2019,7294.28,7400,7241.35,7292.71,30874.84,225746865.3,225.7468653
12/2/2019,7390.89,7420.56,7151.1,7294.28,42953.43,313290088.2,313.2900882
12/1/2019,7541.89,7541.89,7210,7390.89,55963.07,411216078.9,411.2160789
11/30/2019,7739.68,7810,7441,7541.89,43649.46,333265298.1,333.2652981
11/29/2019,7419.49,7850,7362.3,7739.68,55883.83,425900041.9,425.9000419
11/28/2019,7508.52,7643,7360,7419.49,52819.31,396692521,396.692521
11/27/2019,7156.14,7655,6840,7508.52,83809.93,608828576.2,608.8285762
11/26/2019,7109.57,7340,7017.48,7156.14,60968.73,435622913.5,435.6229135
11/25/2019,6903.28,7377.69,6515,7109.57,108525.89,754412574.3,754.4125743
11/24/2019,7311.57,7330.39,6861,6903.28,62299.87,442318585.4,442.3185854
11/23/2019,7268.23,7344.48,7080.01,7311.57,47009.84,339596066.1,339.5960661
11/22/2019,7627.74,7750,6790,7268.23,112866.99,818575809.3,818.5758093
11/21/2019,8098.01,8134.73,7500,7627.74,53008.6,413133154.8,413.1331548
11/20/2019,8133.64,8264.29,8038.4,8098.01,30269.17,245542079.6,245.5420796
11/19/2019,8187.17,8218.63,8003,8133.64,40268.68,326811716.6,326.8117166
11/18/2019,8502.4,8503.52,8060,8187.17,39467.55,329185066.7,329.1850667
11/17/2019,8491.02,8635,8350.68,8502.4,24922.3,212250256.8,212.2502568
11/16/2019,8471.73,8543,8400,8491.02,19627.54,166423651.5,166.4236515
11/15/2019,8646.68,8790,8400,8471.73,42189.03,361320610.3,361.3206103
11/14/2019,8777.12,8800,8582.6,8646.68,30941.25,268210060.8,268.2100608
11/13/2019,8821.94,8844.99,8702,8777.12,25115.33,220199619.9,220.1996199
11/12/2019,8733.27,8888,8567.6,8821.94,37072.73,323934400.7,323.9344007
11/11/2019,9039.47,9072.32,8618.68,8733.27,41436.65,364270120.4,364.2701204
11/10/2019,8809.41,9147.19,8750,9039.47,31595.96,282028213,282.028213
11/9/2019,8773.73,8880,8724.88,8809.41,27538.74,242717611.1,242.7176111
11/8/2019,9216.2,9261,8696,8773.73,56517.43,505609298.4,505.6092984
11/7/2019,9339.05,9375,9101,9216.2,28015.56,258787229.6,258.7872296
11/6/2019,9308.66,9440.91,9250.01,9339.05,34728.86,324254783.4,324.2547834
11/5/2019,9393.35,9454.95,9175.76,9308.66,42441.58,395605737.7,395.6057377
11/4/2019,9194.71,9513.68,9115.84,9393.35,42370.15,393950088.1,393.9500881
11/3/2019,9289.52,9362.57,9066.14,9194.71,25927.76,238575220.4,238.5752204
11/2/2019,9231.61,9373.74,9186.21,9289.52,26942.52,249752424.2,249.7524242
11/1/2019,9140.85,9279,9030,9231.61,40389.64,369467414.6,369.4674146
10/31/2019,9154.72,9405,8913,9140.85,49351.8,452162782.3,452.1627823
10/30/2019,9407.62,9409.84,9001.01,9154.72,50546.99,463555705.3,463.5557053
10/29/2019,9205.14,9550,9072,9407.62,58413.16,546851683.1,546.8516831
10/28/2019,9529.93,9902.1,9160,9205.14,72463.52,686169012.5,686.1690125
10/27/2019,9230,9794.98,9074.34,9529.93,85188.44,805559741.5,805.5597415
10/26/2019,8655.02,10060.21,8470.38,9230,94762.42,870703558.5,870.7035585
10/25/2019,7412.41,8706.07,7361,8655.02,64574.69,516465760.5,516.4657605
10/24/2019,7466.62,7503.68,7337.99,7412.41,30453.61,226438628.5,226.4386285
10/23/2019,8020,8047.59,7300,7466.62,57616.2,440228028.5,440.2280285
10/22/2019,8197.27,8297.99,8000,8020,32201.47,263517970.8,263.5179708
10/21/2019,8223.35,8333,8142.03,8197.27,28093,230762589.8,230.7625898
10/20/2019,7948.01,8297,7870,8223.35,31537.66,253740748.4,253.7407484
10/19/2019,7947.01,8098.1,7866.92,7948.01,24740.87,196888320.2,196.8883202
10/18/2019,8070.58,8115,7816.01,7947.01,28525.23,226487425.8,226.4874258
10/17/2019,7991.74,8124.92,7929.03,8070.58,27658.8,222282154.6,222.2821546
10/16/2019,8159.29,8181.16,7917,7991.74,31904.36,256827673.5,256.8276735
10/15/2019,8348.2,8403,8090,8159.29,30284.28,250195564.4,250.1955644
10/14/2019,8275.01,8388.85,8203,8348.2,27678.74,229828173.2,229.8281732
10/13/2019,8300.09,8451.37,8160,8275.01,25627,213726841.1,213.7268411
10/12/2019,8258.5,8400,8250,8300.09,20013.51,166663251.4,166.6632514
10/11/2019,8558.03,8779.51,8212.38,8258.5,45745.61,385175739.8,385.1757398
10/10/2019,8560.74,8644,8414.52,8558.03,36145.28,308412477.8,308.4124778
10/9/2019,8168.39,8670,8115,8560.74,50082.36,421071103,421.071103
10/8/2019,8190.09,8325,8088.75,8168.39,32771.99,268701596.4,268.7015964
10/7/2019,7854.25,8299.92,7762,8190.09,47887.48,386089591.7,386.0895917
10/6/2019,8126.19,8153.87,7785,7854.25,31757.23,252282865,252.282865
10/5/2019,8137.13,8183.41,8012.98,8126.19,20640.68,167001607.9,167.0016079
10/4/2019,8223.96,8232.41,8005,8137.13,24696.12,200851365,200.851365
10/3/2019,8359.94,8393,8060,8223.96,28207.53,231589725.9,231.5897259
10/2/2019,8292.44,8373.91,8151.22,8359.94,24413.16,201237637.5,201.2376375
10/1/2019,8289.34,8500,8173.05,8292.44,40153.56,335252267.5,335.2522675
9/30/2019,8043.82,8337.26,7710,8289.34,51182.65,411517221.3,411.5172213
9/29/2019,8198.81,8229.13,7890,8043.82,29234.18,235105957.7,235.1059577
9/28/2019,8177.91,8315,8001.09,8198.81,32066.02,261065454.8,261.0654548
9/27/2019,8063.73,8265,7852.15,8177.91,40365.1,324537958.6,324.5379586
9/26/2019,8430.05,8465.99,7750,8063.73,61361.29,499478544.7,499.4785447
9/25/2019,8493.14,8730,8215.64,8430.05,55315.95,466357349.7,466.3573497
9/24/2019,9702.25,9794.99,8290.51,8694.23,41725.81,392194281.6,392.1942816
9/23/2019,10028.87,10049.99,9615.77,9702.25,29213.2,287640571.9,287.6405719
9/22/2019,9986.39,10089,9853.97,10028.87,20301.99,202683535.9,202.6835359
9/21/2019,10168.59,10176.7,9900,9986.39,18952.99,190086138.7,190.0861387
9/20/2019,10244.29,10281,10061.39,10168.59,23318.96,237217066.9,237.2170669
9/19/2019,10156.99,10325,9653,10244.29,41061.71,410110429,410.110429
9/18/2019,10187.82,10258.02,10100,10156.99,22586.72,230086616.1,230.0866161
9/17/2019,10251.31,10275,10128.01,10187.82,21294.63,217408000,217.408
9/16/2019,10302.01,10355,10078,10251.31,26872.29,274873865.1,274.8738651
9/15/2019,10335.02,10360,10252.15,10302.01,17051.39,175594782.6,175.5947826
9/14/2019,10342.06,10419.99,10222.33,10335.02,22083.2,228166802.5,228.1668025
9/13/2019,10415.01,10439,10153,10342.06,28070.03,288910051.2,288.9100512
9/12/2019,10158.33,10448.81,10040.1,10415.01,32225.25,329961214.6,329.9612146
9/11/2019,10098.15,10293,9880,10158.33,29837.91,300337746.1,300.3377461
9/10/2019,10303.12,10384.99,9953,10098.15,26992.76,274796103.9,274.7961039
9/9/2019,10381.18,10480,10068.5,10303.12,37323.98,383906446,383.906446
9/8/2019,10455.88,10592.5,10208,10381.18,22178.93,231134800.4,231.1348004
9/7/2019,10298.73,10558,10288.57,10455.88,26197.19,272829558.1,272.8295581
9/6/2019,10564.49,10905.87,10150,10298.73,53706.62,569923965.4,569.9239654
9/5/2019,10567.02,10900,10450,10564.49,30904.84,326332027,326.332027
9/4/2019,10615.28,10799,10369.89,10567.02,40545.84,427677459,427.677459
9/3/2019,10340,10773,10272,10615.28,43957.34,463005116.3,463.0051163
9/2/2019,9724.98,10450,9712.5,10340,41457.04,415332936.9,415.3329369
9/1/2019,9587.47,9830,9520,9724.98,18309.15,176584928.4,176.5849284
8/31/2019,9584.54,9684.51,9420.75,9587.47,16193.23,155146259.2,155.1462592
8/30/2019,9498.44,9696,9350.41,9584.54,25085.2,239190866.8,239.1908668
8/29/2019,9721,9724,9320,9498.44,32797.84,311851907.6,311.8519076
8/28/2019,10185.05,10299,9601.01,9721,38610.66,385261332.5,385.2613325
8/27/2019,10372.25,10391.08,10051.08,10185.05,26355.67,268512030.4,268.5120304
8/26/2019,10142.69,10604,10137.93,10372.25,38361.62,397764602.8,397.7646028
8/25/2019,10134.35,10333,9906.97,10142.69,24434.36,246592422,246.592422
8/24/2019,10389.55,10419.42,9890,10134.35,25769.28,260543190.8,260.5431908
8/23/2019,10099.88,10445,10019.79,10389.55,25678.08,263492576.5,263.4925765
8/22/2019,10142.57,10242,9762,10099.88,31668.02,317436428.8,317.4364288
8/21/2019,10760.51,10804.13,9858,10142.57,43781.23,446418934.7,446.4189347
8/20/2019,10915.54,10949.96,10560,10760.51,30436.73,326679449.3,326.6794493
8/19/2019,10306.78,10930,10258.6,10915.54,34691.43,369061080.1,369.0610801
8/18/2019,10216.02,10500,10080,10306.78,22747.35,234692610,234.69261
8/17/2019,10331.54,10465.14,10000,10216.02,26833.97,275590038,275.590038
8/16/2019,10293.93,10536.03,9750,10331.54,47471.23,483608042.4,483.6080424
8/15/2019,10050.37,10460,9911,10293.93,34725.11,352588729.3,352.5887293
8/14/2019,10892.71,10897.48,9928.1,10050.37,49924.64,520584896.4,520.5848964
8/13/2019,11396.08,11456.16,10788.45,10892.71,30701.79,340946580.6,340.9465806
8/12/2019,11549.97,11577.89,11235.32,11396.08,16354.98,186502616.1,186.5026161
8/11/2019,11309.31,11599.98,11112.11,11549.97,24863.2,283145958.6,283.1459586
8/10/2019,11879.99,11985,11270,11309.31,39142.5,451950654.3,451.9506543
8/9/2019,11999.77,12045.68,11700,11879.99,36781.9,435691680.2,435.6916802
8/8/2019,11975.03,12060,11521,11999.77,47773.39,563880694.2,563.8806942
8/7/2019,11481.69,12141.17,11382.84,11975.03,63842.27,751757281.2,751.7572812
8/6/2019,11828.8,12330.7,11226.7,11481.69,69745.18,822100144.2,822.1001442
8/5/2019,10929.23,11937.52,10927.8,11828.8,59656.47,694027648.8,694.0276488
8/4/2019,10816.86,11040,10552,10929.23,36994.61,400099182.3,400.0991823
8/3/2019,10523.75,10904.77,10497.93,10816.86,31480.04,338863353.6,338.8633536
8/2/2019,10374.99,10670,10281.35,10523.75,39435.04,413105112.3,413.1051123
8/1/2019,10080.53,10467.86,9863.46,10374.99,38427.59,388729401.5,388.7294015
7/31/2019,9574.21,10109.8,9555,10080.53,36698.32,361864379,361.864379
7/30/2019,9507.64,9714.28,9402,9574.21,30751.86,293800694.5,293.8006945
7/29/2019,9541.54,9729,9395,9507.64,26899.31,257213872.7,257.2138727
7/28/2019,9476.52,9594.99,9165,9541.54,27370.91,259358247.2,259.3582472
7/27/2019,9824,10188.66,9333,9476.52,32649.21,318024837.5,318.0248375
7/26/2019,9879.87,9889.98,9637,9824,19683.49,192022928.4,192.0229284
7/25/2019,9763.28,10175,9720.03,9879.87,35044.58,350657595.8,350.6575958
7/24/2019,9864.91,9937,9525,9763.28,40201.05,390717391.2,390.7173912
7/23/2019,10340.31,10343.97,9822,9864.91,43700.7,439075342.4,439.0753424
7/22/2019,10589.45,10683.16,10100,10340.31,37396.36,389148527.8,389.1485278
7/21/2019,10740.23,10817.9,10288,10589.45,35913.86,378882277.6,378.8822776
7/20/2019,10504.29,11068.99,10350,10740.23,43505.28,464614040.4,464.6140404
7/19/2019,10627.16,10769.71,10121.84,10504.29,51296.32,535193155.6,535.1931556
7/18/2019,9667.92,10788,9252,10627.16,72758.54,731997592.1,731.9975921
7/17/2019,9439.59,9957,9060,9667.92,76851.7,732485975.7,732.4859757
7/16/2019,10838.72,11028,9350.01,9439.59,87204.22,881856938.5,881.8569385
7/15/2019,10174.18,11100,9860,10838.72,74379.9,772595531.8,772.5955318
7/14/2019,11355.76,11452,10103,10174.18,65592.98,703580672.4,703.5806724
7/13/2019,11757.22,11799.98,10830,11355.76,49185.81,556934215.7,556.9342157
7/12/2019,11342.89,11885,11073,11757.22,51706.88,596600067,596.600067
7/11/2019,12108.37,12111.73,11000,11342.89,79149.22,911270591.4,911.2705914
7/10/2019,12543.41,13147.08,11569,12108.37,98461.1,1234817289,1234.817289
7/9/2019,12238.6,12794.73,12068,12543.41,71968.89,895385000.1,895.3850001
7/8/2019,11406.24,12338.03,11220,12238.6,47820.5,566740812.1,566.7408121
7/7/2019,11256.49,11538,11094.37,11406.24,36004.78,406877786,406.877786
7/6/2019,10970.73,11665,10964.51,11256.49,47363.72,538340879.6,538.3408796
7/5/2019,11145.67,11406.83,10796.44,10970.73,58437.08,649273951,649.273951
7/4/2019,11940,12000,11055,11145.67,60649.46,707664152.4,707.6641524
7/3/2019,10842.85,11991.89,10841.04,11940,87772.38,995193543.8,995.1935438
7/2/2019,10624.93,10938.75,9727,10842.85,99213.02,1021975623,1021.975623
7/1/2019,10854.1,11282.28,10030,10624.93,82471.39,881875766.9,881.8757669
6/30/2019,11903.13,12180,10766.03,10854.1,77205.72,887571779.6,887.5717796
6/29/2019,12400.63,12441.54,11475.02,11903.13,63232.82,752724243.2,752.7242432
6/28/2019,11329.99,12480,10982.88,12400.63,86558.62,1020820777,1020.820777
6/27/2019,13299.99,13347.99,10525.1,11329.99,138662.72,1622958316,1622.958316
6/26/2019,11820.86,13964.74,11741,12666.45,99314.94,1273660223,1273.660223
6/25/2019,11056.59,11850,11026,11820.86,56154.67,639404855.6,639.4048556
6/24/2019,10906.07,11143.63,10620.8,11056.59,39940.55,435340224.2,435.3402242
6/23/2019,10729.5,11392.64,10555.18,10906.07,52581.13,572220190.9,572.2201909
6/22/2019,10159.86,11160,9921.72,10729.5,94759.31,1011481805,1011.481805
6/21/2019,9517.12,10174.99,9517.12,10159.86,46590.64,456586005.2,456.5860052
6/20/2019,9255.49,9590,9175.2,9517.12,32120,300773682.1,300.7736821
6/19/2019,9081.55,9304,8960,9255.49,29859.81,272896676.3,272.8966763
6/18/2019,9313.96,9336.36,8950,9081.55,48158.99,439353122.1,439.3531221
6/17/2019,8953.33,9444,8950,9313.96,44294.61,408347176.9,408.3471769
6/16/2019,8808.7,9333,8760,8953.33,57848.65,524860629.7,524.8606297
6/15/2019,8650,8864.99,8567.63,8808.7,29573.08,257105509.9,257.1055099
6/14/2019,8218.54,8684.41,8144.32,8650,36987.67,309591286.1,309.5912861
6/13/2019,8127.64,8309.82,8010.03,8218.54,28621.28,233346870.4,233.3468704
6/12/2019,7884.9,8200,7788.99,8127.64,38855.34,311272490.3,311.2724903
6/11/2019,7982.75,8010,7692.23,7884.9,28578.92,224265423.1,224.2654231
6/10/2019,7628.13,8020,7511,7982.75,34292,267862714.9,267.8627149
6/9/2019,7893.62,7935,7506.66,7628.13,29536.44,228303163,228.303163
6/8/2019,7980.53,8044.65,7751,7893.62,21204.89,167582198.7,167.5821987
6/7/2019,7786.7,8100,7737.49,7980.53,31779.24,251966444.9,251.9664449
6/6/2019,7776.5,7868.13,7444.58,7786.7,34197.03,263492654.4,263.4926544
6/5/2019,7687.03,7896.7,7572.78,7776.5,45638.79,354060083.5,354.0600835
6/4/2019,8115.82,8115.82,7481.02,7687.03,68681.2,539348756.2,539.3487562
6/3/2019,8725.98,8800.95,8080.8,8115.82,41950.41,355526981,355.526981
6/2/2019,8544.07,8814.78,8524,8725.98,26036.64,225804902.4,225.8049024
6/1/2019,8555,8626,8442.36,8544.07,29819.78,254607933.4,254.6079334
5/31/2019,8269.54,8594,8108.5,8555,42002.51,350865326.4,350.8653264
5/30/2019,8645.68,9074.26,8005,8269.54,64399.1,552147446.6,552.1474466
5/29/2019,8715.64,8750,8406.6,8645.68,31678.55,273154083.4,273.1540834
5/28/2019,8756.32,8798.49,8510.63,8715.64,29271.88,254693083.9,254.6930839
5/27/2019,8614.43,8908.32,8589,8756.32,48130.74,419875265.2,419.8752652
5/26/2019,8025.41,8740,7833.42,8614.43,45563.09,375747926.7,375.7479267
5/25/2019,7964.87,8091.8,7908.34,8025.41,26723.83,213847946.4,213.8479464
5/24/2019,7851.51,8130,7766,7964.87,43030.86,342424683.9,342.4246839
5/23/2019,7628.43,7940.98,7461,7851.51,45812.94,352067587.6,352.0675876
5/22/2019,7904.87,8016,7465,7628.43,44932.03,351894913.4,351.8949134
5/21/2019,7938.15,8042.32,7771,7904.87,48176.42,381015932.7,381.0159327
5/20/2019,8148.48,8156.03,7553,7938.15,60143.13,472989540.4,472.9895404
5/19/2019,7257.45,8275.09,7243.08,8148.48,60083.99,474429840,474.42984
5/18/2019,7355.26,7458,7156.61,7257.45,34487.27,252367651.5,252.3676515
5/17/2019,7866.59,7925,6913,7355.26,79962.44,581754609.4,581.7546094
5/16/2019,8169.87,8320,7705,7866.59,63794.9,510407943.1,510.4079431
5/15/2019,7947.56,8249,7850,8169.87,34731.71,279783874.7,279.7838747
5/14/2019,7790.71,8366,7599.56,7947.56,70462.03,562251187.8,562.2511878
5/13/2019,6967.31,8100,6870,7790.71,77581.62,585457013.2,585.4570132
5/12/2019,7076.22,7521.78,6750,6967.31,78631.74,560694099.5,560.6940995
5/11/2019,6373.33,7343.99,6372.85,7076.22,67682.9,463621315.3,463.6213153
5/10/2019,6209.18,6468.92,6172,6373.33,34420.48,217853632.6,217.8536326
5/9/2019,5987.29,6224.55,5983.71,6209.18,26099.02,159232038.6,159.2320386
5/8/2019,5846.34,6014.72,5772.2,5987.29,21715.92,128246328.6,128.2463286
5/7/2019,5747.79,5988,5747.74,5962.16,16169.61,95544203.42,95.54420342
5/6/2019,5775.62,5805,5619.14,5747.79,23734.53,135669094,135.669094
5/5/2019,5829.45,5839.9,5696,5775.62,22600.15,130593216.9,130.5932169
5/4/2019,5772.69,5900,5587.45,5829.45,37187.2,214568525.7,214.5685257
5/3/2019,5492.87,5844,5477.57,5772.69,42758.75,244199361.1,244.1993611
5/2/2019,5383.2,5538,5370,5492.87,21609.98,118022034.8,118.0220348
5/1/2019,5320.81,5402,5316.2,5383.2,16414.57,87894939.98,87.89493998
4/30/2019,5238.14,5339.98,5192.15,5320.81,21159.12,111616040.6,111.6160406
4/29/2019,5307.52,5332,5178.8,5238.14,18749.14,98677587.22,98.67758722
4/28/2019,5295.69,5340,5259.48,5307.52,13696.93,72698846.21,72.69884621
4/27/2019,5314.1,5342.5,5257.67,5295.69,14797.5,78433878.76,78.43387876
4/26/2019,5219.9,5510,5161.62,5314.1,45512.58,241599143.8,241.5991438
4/25/2019,5415,5491.84,5102,5219.9,46048.68,246080114.2,246.0801142
4/24/2019,5493.31,5582.2,5333.35,5415,44561.97,242563528.1,242.5635281
4/23/2019,5357.14,5600,5332.41,5493.31,38259.59,210611717.1,210.6117171
4/22/2019,5256.14,5400,5208.35,5357.14,27894.99,147775807.7,147.7758077
4/21/2019,5291.73,5314.35,5165,5256.14,23874.51,125164014.5,125.1640145
4/20/2019,5258.68,5333.42,5230.1,5291.73,18295.89,96728480.31,96.72848031
4/19/2019,5258.44,5320,5175,5258.68,23278.77,121954993.7,121.9549937
4/18/2019,5202.82,5287,5198.8,5258.44,21480.81,112603955.3,112.6039553
4/17/2019,5173.72,5230.4,5146.8,5202.82,21987.23,114118850.6,114.1188506
4/16/2019,5024.95,5197.72,5003.94,5173.72,22808.7,116255208.5,116.2552085
4/15/2019,5131.3,5167.38,4950,5024.95,27252.83,138545876.2,138.5458762
4/14/2019,5045.22,5152.99,5000,5131.3,17426.87,88260470.74,88.26047074
4/13/2019,5048.01,5099,5004,5045.22,16562.14,83686653.62,83.68665362
4/12/2019,5017.37,5080.58,4861.22,5048.01,31219.92,156210764.1,156.2107641
4/11/2019,5308.25,5332.67,4927,5017.37,50271.11,255269789.7,255.2697897
4/10/2019,5150,5422,5135,5308.25,37063.21,194991190,194.99119
4/9/2019,5236.9,5238.4,5076.68,5150,31781.31,163857659.4,163.8576594
4/8/2019,5170.27,5305,5039,5236.9,46325.63,240502788.4,240.5027884
4/7/2019,5043.89,5234,5026,5170.27,35027.71,179636564.3,179.6365643
4/6/2019,5004.95,5205,4928.59,5043.89,38455.22,194175873.5,194.1758735
4/5/2019,4898.66,5028.22,4880.62,5004.95,37248.36,185131241.1,185.1312411
4/4/2019,4932.6,5039.08,4777,4898.66,56271.11,277808062.4,277.8080624
4/3/2019,4857.29,5275.01,4753.5,4932.6,98509.76,492096758,492.096758
4/2/2019,4144.56,4897.99,4140.54,4857.29,94625.11,439057063,439.057063
4/1/2019,4103.95,4158.7,4067,4144.56,23934.61,98897382.91,98.89738291
3/19/2019,3987.81,4002.99,3983.14,3998.9,943.68,3770271.68,3.77027168
3/18/2019,3981.14,4037,3953.33,3987.81,21381.83,85249694.91,85.24969491
3/17/2019,4005.98,4012,3950.01,3981.14,18102.89,72063019.54,72.06301954
3/16/2019,3923.76,4056.98,3921.98,4005.98,26886.25,107497618.6,107.4976186
3/15/2019,3877.12,3939.22,3872.2,3923.76,20766.29,81114891.34,81.11489134
3/14/2019,3866,3920,3810.43,3877.12,25316.25,97969538.78,97.96953878
3/13/2019,3882.73,3893.56,3840,3866,23349.97,90381736.59,90.38173659
3/12/2019,3871.61,3905.2,3826.06,3882.73,25517.64,98954297.4,98.9542974
3/11/2019,3916.82,3936.98,3830,3871.61,35945.48,139488437.9,139.4884379
3/10/2019,3943.04,3943.43,3881.69,3916.82,22134.42,86575687.94,86.57568794
3/9/2019,3864.89,3971.75,3854.75,3943.04,29345.08,114942454.6,114.9424546
3/8/2019,3873.64,3932,3800,3864.89,32646.03,126907648.3,126.9076483
3/7/2019,3861.84,3905.4,3840.4,3873.64,25223.89,97813042.1,97.8130421
3/6/2019,3857.73,3907,3813.09,3861.84,23217.87,89407898.27,89.40789827
3/5/2019,3715.3,3877.1,3703.55,3857.73,30814.57,116787730.3,116.7877303
3/4/2019,3807.75,3830,3670.69,3715.3,32609.38,121780238.8,121.7802388
3/3/2019,3819.93,3835,3781.32,3807.75,15984.76,60995557.62,60.99555762
3/2/2019,3823,3841.31,3772.25,3819.93,18494.08,70548329.53,70.54832953
3/1/2019,3813.69,3857,3813.01,3823,22279.3,85419292.59,85.41929259
2/28/2019,3818.07,3888,3763.87,3813.69,30671.7,117459044.7,117.4590447
2/27/2019,3809.23,3838.85,3677.17,3818.07,29414.85,111687755.6,111.6877556
2/26/2019,3827.92,3841.51,3777,3809.23,27290.26,104034920.1,104.0349201
2/25/2019,3743.56,3872.66,3740,3827.92,36041.94,137427517.2,137.4275172
2/24/2019,4117.76,4198,3712.66,3743.56,57263.85,224883719.8,224.8837198
2/23/2019,3962,4162.02,3933.15,4117.76,31093.41,125401353.3,125.4013533
2/22/2019,3937.31,3988,3926.65,3962,22768.18,90091055.39,90.09105539
2/21/2019,3969.74,4016.48,3901.03,3937.31,29171.27,115083645.2,115.0836452
2/20/2019,3907.79,3986.98,3870.66,3969.74,34310.79,135108358,135.108358
2/19/2019,3898.6,3994.52,3856,3907.79,46824.36,183807678.8,183.8076788
2/18/2019,3667.58,3925,3655,3898.6,59288.85,224852810.2,224.8528102
2/17/2019,3618.41,3700.11,3604.4,3667.58,24263.28,88228964.53,88.22896453
2/16/2019,3602.47,3648.18,3597.91,3618.41,18663.59,67623931.31,67.62393131
2/15/2019,3590.56,3653.23,3573.45,3602.47,19769.69,71300223.62,71.30022362
2/14/2019,3609.4,3626.4,3568.11,3590.56,20761.21,74794370.44,74.79437044
2/13/2019,3631.46,3670,3591.75,3609.4,24611.21,89139062.5,89.1390625
2/12/2019,3631.05,3667.6,3582.34,3631.46,27762.12,100548787.8,100.5487878
2/11/2019,3680.06,3684.9,3615.53,3631.05,23745.31,86333971.26,86.33397126
2/10/2019,3665.18,3684.99,3609.76,3680.06,22082.81,80442931.34,80.44293134
2/9/2019,3659.04,3680.02,3625.13,3665.18,23735.25,86743521.43,86.74352143
2/8/2019,3398.4,3733.58,3373.1,3659.04,42214.12,149907760.6,149.9077606
2/7/2019,3405.37,3426.45,3390,3398.4,17480.03,59571238.69,59.57123869
2/6/2019,3471.59,3482.72,3380,3405.37,31770.65,108428107,108.428107
2/5/2019,3463.22,3478.97,3448.43,3471.59,23887.57,82723836.65,82.72383665
2/4/2019,3458.11,3484.88,3433.31,3463.22,22042.4,76254597.8,76.2545978
2/3/2019,3504.77,3511.09,3426,3458.11,18877.23,65376524.31,65.37652431
2/2/2019,3462.07,3526.4,3440.29,3504.77,16992.58,58911316.57,58.91131657
2/1/2019,3434.1,3488,3401.2,3462.07,23916.44,82446163.33,82.44616333
1/31/2019,3458.18,3489.2,3418.8,3434.1,27928.55,96152449.61,96.15244961
1/30/2019,3411.04,3478,3387.1,3458.18,22692.88,78125806.13,78.12580613
1/29/2019,3434.15,3443.45,3349.92,3411.04,27562.68,93813988.41,93.81398841
1/28/2019,3550.84,3557.75,3381.5,3434.15,37359.71,128787569.3,128.7875693
1/27/2019,3565.25,3579,3486,3550.84,20433.19,72613676.69,72.61367669
1/26/2019,3565.29,3662.94,3545,3565.25,17673.42,63344444.71,63.34444471
1/25/2019,3569.62,3587.15,3522.51,3565.29,16546.4,58864938.78,58.86493878
1/24/2019,3552.82,3589,3529.22,3569.62,19692.71,70006296.01,70.00629601
1/23/2019,3570.93,3607.98,3514.5,3552.82,23071.74,82165371.55,82.16537155
1/22/2019,3526.9,3608.5,3446.69,3570.93,25231.55,89395437.4,89.3954374
1/21/2019,3539.28,3559.51,3485.04,3526.9,18434.38,65059626.45,65.05962645
1/20/2019,3665.3,3693.73,3475,3539.28,23551.29,84251226.23,84.25122623
1/19/2019,3594.87,3720,3594.23,3665.3,18624.79,68293032.66,68.29303266
1/18/2019,3616.21,3619.99,3565.75,3594.87,21672.42,77956595.66,77.95659566
1/17/2019,3591.84,3634.7,3533.44,3616.21,27614.97,99041752.72,99.04175272
1/16/2019,3553.06,3645,3543.51,3591.84,25757.79,92324270.78,92.32427078
1/15/2019,3626.09,3648.42,3518.44,3553.06,30770.45,110721208.2,110.7212082
1/14/2019,3476.81,3671.87,3467.02,3626.09,31190.38,111116129.2,111.1161292
1/13/2019,3583.13,3611.1,3444.28,3476.81,22754.41,80130875.79,80.13087579
1/12/2019,3601.31,3618.19,3531.06,3583.13,20541.52,73689073.67,73.68907367
1/11/2019,3585.88,3658,3526.98,3601.31,34260.22,123044676.4,123.0446764
1/10/2019,3966.65,3996.01,3540,3585.88,47895.41,178756130.9,178.7561309
1/9/2019,3955.13,4006.81,3930.04,3966.65,27503.63,109315054.9,109.3150549
1/8/2019,3975.45,4067.66,3922,3955.13,34365.46,136737939.1,136.7379391
1/7/2019,3987.6,4017.9,3921.53,3975.45,29452.09,117221283.7,117.2212837
1/6/2019,3770.96,4027.71,3740,3987.6,32566.9,126593889.7,126.5938897
1/5/2019,3792.01,3840.99,3751,3770.96,28675.53,108993305.9,108.9933059
1/4/2019,3766.78,3823.64,3703.57,3792.01,27721.3,104281819,104.281819
1/3/2019,3858.56,3862.74,3730,3766.78,27461.97,104293179.8,104.2931798
1/2/2019,3797.14,3882.14,3750.45,3858.56,33035.13,125781952.9,125.7819529
1/1/2019,3702.9,3810.16,3642,3797.14,22043.98,81818002.59,81.81800259
12/31/2018,3801.91,3810,3637.78,3702.9,27000,100763786.7,100.7637867
12/30/2018,3695.32,3903.5,3657.9,3801.91,30282.17,113873648.5,113.8736485
12/29/2018,3839.26,3892,3670,3695.32,34488.38,131634641.8,131.6346418
12/28/2018,3567.91,3887.25,3540.04,3839.26,40839.17,151406617,151.406617
12/27/2018,3777.74,3813.98,3535,3567.91,40266.32,147943217.9,147.9432179
12/26/2018,3745.79,3837.15,3656.74,3777.74,39961.75,149732459.7,149.7324597
12/25/2018,4008.01,4020,3646.41,3745.79,56383.4,211665332.9,211.6653329
12/24/2018,3929.71,4198,3924.83,4008.01,58403.15,239128837.6,239.1288376
12/23/2018,3948.91,4021.53,3870,3929.71,37881.01,149909406.6,149.9094066
12/22/2018,3838.66,3979,3785,3948.91,40231.99,155073329.6,155.0733296
12/21/2018,4049.62,4139.99,3764,3838.66,75158.54,297414584.8,297.4145848
12/20/2018,3662.22,4120,3635,4049.62,89802.98,353522264.5,353.5222645
12/19/2018,3652.98,3912.73,3622.55,3662.22,85810.88,321352553.6,321.3525536
12/18/2018,3509.08,3678.59,3424.47,3652.98,56798.2,200359773.2,200.3597732
12/17/2018,3228.67,3585,3216,3509.08,59026.9,202235081.9,202.2350819
12/16/2018,3211.72,3294,3186,3228.67,23376.74,76001723.18,76.00172318
12/15/2018,3224.17,3276.5,3156.26,3211.72,28287.18,90753503.7,90.7535037
12/14/2018,3302.06,3335,3177,3224.17,40946.18,133564459.4,133.5644594
12/13/2018,3445,3460,3255.5,3302.06,37471.7,126209442.5,126.2094425
12/12/2018,3380.39,3492,3350,3445,31471.86,107823027.7,107.8230277
12/11/2018,3432.88,3463.5,3324.32,3389.69,33394.16,113264068.9,113.2640689
12/10/2018,3545.37,3610,3370.11,3432.88,37581.44,130691360.7,130.6913607
12/9/2018,3410.93,3658,3394.04,3545.37,41424.25,145607074.8,145.6070748
12/8/2018,3403.55,3495,3276.47,3410.93,50131.6,170227499.7,170.2274997
12/7/2018,3508.75,3549.99,3224.6,3403.55,83526.75,282816671.3,282.8166713
12/6/2018,3769.84,3899.99,3500,3508.75,58566.12,218397171.3,218.3971713
12/5/2018,3951.64,3970,3745,3769.84,40324.34,155318420.1,155.3184201
12/4/2018,3884.01,4085,3785.94,3951.64,43819.45,173269898.3,173.2698983
12/3/2018,4161.01,4179,3827.02,3884.01,43575.4,173213815.7,173.2138157
12/2/2018,4190.02,4312.99,4103.04,4161.01,36617.34,153308532.3,153.3085323
12/1/2018,4041.32,4299.99,3963.01,4190.02,41538.32,172412131.9,172.4121319
11/30/2018,4295.84,4341.36,3943,4053.09,61088.09,251530358.1,251.5303581
11/29/2018,4264.85,4450.38,4125.65,4295.84,67935.45,290872551.6,290.8725516
11/28/2018,3875.21,4394.47,3874.27,4264.85,82187.35,341820074.5,341.8200745
11/27/2018,3862.2,3940,3689.12,3875.21,62299.14,237845870.2,237.8458702
11/26/2018,4085.78,4206,3701,3862.2,84761.59,335099625.7,335.0996257
11/25/2018,3932.44,4233,3652.66,4085.78,89041.61,348653386.3,348.6533863
11/24/2018,4420.61,4527,3824.69,3932.44,52612.04,221518598.3,221.5185983
11/23/2018,4370,4484,4222.94,4420.61,45007.85,196337635.7,196.3376357
11/22/2018,4661.07,4721.77,4335,4370,31617.81,144312768.2,144.3127682
11/21/2018,4558.86,4787.2,4413.85,4661.07,56391.89,259711255,259.711255
11/20/2018,4910.03,5048.24,4326,4558.86,100503.22,469785894.3,469.7858943
11/19/2018,5662,5664,4855,4910.03,63314.09,330584758.2,330.5847582
11/18/2018,5628.29,5738.17,5617,5662,22864.8,129338526.2,129.3385262
11/17/2018,5655.94,5656.6,5565.43,5628.29,25511.48,143028990.2,143.0289902
11/16/2018,5753.4,5782.89,5549.25,5655.94,36665.71,207469638.5,207.4696385
11/15/2018,5922.41,5939.54,5403.42,5753.4,41943.86,237668666.7,237.6686667
11/14/2018,6457.66,6482.84,5656.87,5922.41,38778.76,233505327.3,233.5053273
11/13/2018,6453.07,6498,6391.15,6457.66,11198.97,72321959.6,72.3219596
11/12/2018,6449.81,6497,6421,6453.07,9558.74,61686559.15,61.68655915
11/11/2018,6433.05,6462.14,6355,6449.81,7738.64,49665474.07,49.66547407
11/10/2018,6419.99,6475.55,6411,6433.05,7406.31,47755415.52,47.75541552
11/9/2018,6479.84,6511.53,6391.01,6419.99,11145.39,71860361.29,71.86036129
11/8/2018,6578.46,6594,6468.22,6479.84,12284.48,80095279.63,80.09527963
11/7/2018,6519.11,6615.15,6509,6578.46,13205.39,86807342.57,86.80734257
11/6/2018,6468.99,6531.31,6445.18,6519.11,11223.92,72777315.11,72.77731511
11/5/2018,6485.85,6504.39,6431.02,6468.99,8479.5,54839521.39,54.83952139
11/4/2018,6387.09,6525,6359,6485.85,9989.26,64280718.03,64.28071803
11/3/2018,6433.98,6439.97,6345,6387.09,7310.55,46694322.28,46.69432228
11/2/2018,6410,6460.34,6388.2,6433.98,9306.69,59808495.03,59.80849503
11/1/2018,6371.93,6442.65,6348.66,6410,8704.28,55513599.97,55.51359997
10/31/2018,6330.87,6428,6245.02,6371.93,11288.16,71519794.26,71.51979426
10/30/2018,6344.5,6395,6317.01,6330.87,8511.93,54072418.92,54.07241892
10/29/2018,6489.93,6505.01,6315,6344.5,12371.58,79170939.83,79.17093983
10/28/2018,6505.6,6514.17,6453,6489.93,5496.14,35689511.81,35.68951181
10/27/2018,6538.63,6558.35,6476.18,6505.6,7049.62,45941295.7,45.9412957
10/26/2018,6528.09,6600,6515.01,6538.63,9179.12,60059940.66,60.05994066
10/25/2018,6565.5,6575.09,6502.8,6528.09,9910.04,64861696.49,64.86169649
10/24/2018,6553.51,6630,6547.53,6565.5,11591.53,76420164.38,76.42016438
10/23/2018,6581.2,6595,6515.45,6553.51,13462.11,88380390.73,88.38039073
10/22/2018,6590.11,6639,6535.27,6581.2,15770.56,103897094.4,103.8970944
10/21/2018,6588.4,6663.9,6580,6590.11,6239.58,41319056.01,41.31905601
10/20/2018,6528.88,6617.65,6505.55,6588.4,18944.66,124380958,124.380958
10/19/2018,6618.96,6648.14,6523,6528.88,20150.2,132584941.5,132.5849415
10/18/2018,6740.89,6796,6567,6618.96,18985.84,127224734.3,127.2247343
10/17/2018,6759.27,6811.12,6676.01,6740.89,25902.71,174661338.2,174.6613382
10/16/2018,6755.73,6755.73,6708.49,6708.49,0,0,0
10/15/2018,6339.34,7600,6300,6755.73,71305.79,491227249.1,491.2272491
10/14/2018,6332.93,6416,6308,6339.34,15032.82,95740365.42,95.74036542
10/13/2018,6298.01,6345,6285.07,6332.93,18677.34,118068683.6,118.0686836
10/12/2018,6252.68,6360,6209,6298.01,28152.99,177661984.1,177.6619841
10/11/2018,6631,6633.92,6205,6252.68,45289.8,286479848.1,286.4798481
10/10/2018,6656.61,6659.95,6530,6631,14686.17,96963742.75,96.96374275
10/9/2018,6673.01,6685.38,6607,6656.61,14905.45,99126992.26,99.12699226
10/8/2018,6615.26,6715.6,6587,6673.01,22269.64,148015014.3,148.0150143
10/7/2018,6594.27,6640,6525,6615.26,16867.06,110939270.1,110.9392701
10/6/2018,6635.65,6651,6566.77,6594.27,10604.16,70034483.02,70.03448302
10/5/2018,6593.79,6697,6543.08,6635.65,15185.82,100230383.5,100.2303835
10/4/2018,6510,6643.46,6505.09,6593.79,19316.97,127356525.1,127.3565251
10/3/2018,6525.79,6549,6430,6510,27403.24,177823758.1,177.8237581
10/2/2018,6611.61,6640,6494,6525.79,27259.9,179259561.7,179.2595617
10/1/2018,6626.57,6667.09,6510,6611.61,19444.16,128365960.4,128.3659604
9/30/2018,6596.38,6662,6533,6626.57,27030.58,178592346.3,178.5923463
9/29/2018,6634.58,6636,6464.57,6596.38,29116.99,190971287.2,190.9712872
9/28/2018,6689.13,6814.8,6540.88,6634.58,40167.47,268266953.7,268.2669537
9/27/2018,6465.12,6750,6434,6689.13,31366.55,205546000.2,205.5460002
9/26/2018,6447.54,6557.99,6380,6465.12,32046.99,207541728.1,207.5417281
9/25/2018,6581.39,6584.01,6325.02,6447.54,38074.01,244602341.6,244.6023416
9/24/2018,6708,6730,6557,6581.39,33414.49,221830056.3,221.8300563
9/23/2018,6723.05,6788.23,6661.75,6708,29311.77,196932806.4,196.9328064
9/22/2018,6759.02,6839.03,6627,6723.05,27339.77,183725830.8,183.7258308
9/21/2018,6492,6784.86,6491,6759.02,47817.08,319306130.7,319.3061307
9/20/2018,6391.89,6540,6325,6492,23631.22,151828905.3,151.8289053
9/19/2018,6336.45,6517.7,6123,6391.89,34541.26,218908245.4,218.9082454
9/18/2018,6248.69,6390,6224.98,6336.45,31411.52,198091202.2,198.0912022
9/17/2018,6505,6533.84,6201,6248.69,33303.91,211888248.8,211.8882488
9/16/2018,6514.96,6524.62,6375.13,6505,25675.79,166422338.1,166.4223381
9/15/2018,6476.63,6565.45,6466.13,6514.96,24486.34,159621706,159.621706
9/14/2018,6487.38,6584.99,6385.62,6476.63,34777.26,225935166.3,225.9351663
9/13/2018,6338.62,6535,6337.4,6487.38,38129.96,245913048.4,245.9130484
9/12/2018,6294.91,6360,6192.37,6338.62,30266.86,190076690.5,190.0766905
9/11/2018,6312,6404,6170,6294.91,31017.23,195248652.4,195.2486524
9/10/2018,6250.81,6373.98,6221,6312,31429.19,197824245.9,197.8242459
9/9/2018,6185.05,6441,6141.53,6250.81,34394.57,216780551.4,216.7805514
9/8/2018,6395.54,6478,6111,6185.05,34684.08,219588081.1,219.5880811
9/7/2018,6516.01,6544,6320,6395.54,37193,239707773.5,239.7077735
9/6/2018,6700,6725,6286.05,6516.01,54232.17,349174551.1,349.1745511
9/5/2018,7359.06,7397.3,6682,6700,57250.23,404281550.1,404.2815501
9/4/2018,7263.02,7409.9,7227.17,7359.06,33876.24,248511072.7,248.5110727
9/3/2018,7302.01,7338.28,7191.63,7263.02,30914.26,224625789.5,224.6257895
9/2/2018,7200.01,7345.45,7127,7302.01,37719.06,273323233,273.323233
9/1/2018,7011.21,7275,7008.74,7200.01,37858.84,269659435.1,269.6594351
8/31/2018,6984.84,7089,6888,7011.21,38515.35,269101804.1,269.1018041
8/30/2018,7031.22,7063.63,6784.81,6984.84,41565.87,287626873,287.626873
8/29/2018,7076.11,7133.81,6912.34,7031.22,40220.91,283327238.4,283.3272384
8/28/2018,6908.64,7135,6860,7076.11,44829.18,313540617.6,313.5406176
8/27/2018,6700,6940.51,6646.5,6908.64,34508.75,232201020.4,232.2010204
8/26/2018,6733.64,6775.27,6568,6700,18564.21,123840620.2,123.8406202
8/25/2018,6681.64,6789,6650.61,6733.64,18091.61,121496443.5,121.4964435
8/24/2018,6525.01,6725,6440.5,6681.64,35913.86,235813943.4,235.8139434
8/23/2018,6360.89,6576.99,6342.28,6525.01,38250.32,246188292,246.188292
8/22/2018,6480,6882.54,6251.2,6360.89,67162.63,442016859,442.016859
8/21/2018,6254.84,6500,6235.08,6480,39854.49,254469529.7,254.4695297
8/20/2018,6477.53,6530,6220,6254.84,46545.59,299203081.8,299.2030818
8/19/2018,6387.96,6541,6300,6477.53,43738.26,279949502.3,279.9495023
8/18/2018,6584.49,6620,6288,6387.96,50598.18,325752517.9,325.7525179
8/17/2018,6311.75,6585,6285.4,6584.49,54348.71,351803544.7,351.8035447
8/16/2018,6267.16,6480,6205.6,6311.75,45018.33,285558549.3,285.5585493
8/15/2018,6188.08,6609,6172.11,6267.16,61848.78,394600658,394.600658
8/14/2018,6246.35,6250.33,5880,6188.08,44408.54,268258399.6,268.2583996
8/13/2018,6308.33,6540.1,6145.04,6246.35,50100.77,317507847.1,317.5078471
8/12/2018,6077.3,6077.3,6077.3,6077.3,0,0,0
8/11/2018,6144.01,6177,5982,6077.3,22413.41,136726013.1,136.7260131
8/10/2018,6529.79,6575.88,6026.39,6144.01,52332.83,332567279.8,332.5672798
8/9/2018,6285,6622.81,6178.6,6529.79,47729.05,305798216,305.798216
8/8/2018,6720.06,6721.54,6123,6285,53301.26,342494963.8,342.4949638
8/7/2018,6934.82,7150.46,6670,6720.06,41214.02,287269304.5,287.2693045
8/6/2018,7024.19,7160,6821,6934.82,30793.32,215340256.4,215.3402564
8/5/2018,7009.84,7089.87,6882.29,7024.19,31146.24,217779907.4,217.7799074
8/4/2018,7418.78,7494.81,6926,7009.84,32996.7,238712517.3,238.7125173
8/3/2018,7525.71,7540,7282.44,7418.78,41280.01,305470420.6,305.4704206
8/2/2018,7611.64,7702.71,7455.72,7525.71,33407.69,253238243.5,253.2382435
8/1/2018,7730.93,7750,7430,7611.64,39394.76,298179092.9,298.1790929
7/31/2018,8173.92,8180,7633,7730.93,43682.43,343739655.8,343.7396558
7/30/2018,8211,8273,7866,8173.92,36011.52,291881176,291.881176
7/29/2018,8225.04,8294.51,8115,8211,24675.06,202538475.5,202.5384755
7/28/2018,8188.57,8246.54,8067,8225.04,25222.34,206256401.9,206.2564019
7/27/2018,7920,8285,7805,8188.57,40369.01,324341394.4,324.3413944
7/26/2018,8175.64,8315.69,7850.06,7920,39535.19,322274225.2,322.2742252
7/25/2018,8397.24,8491.77,8050,8175.64,44943.17,370776686.8,370.7766868
7/24/2018,7721.01,8486,7696,8397.24,54851.84,444400985,444.400985
7/23/2018,7394.79,7829,7375,7721.01,38041.48,292426701.7,292.4267017
7/22/2018,7398.78,7582.4,7335.5,7394.79,28538.74,212719876.6,212.7198766
7/21/2018,7337.53,7458.47,7211,7398.78,27274.39,200313325.7,200.3133257
7/20/2018,7466.21,7700,7273,7337.53,40701.57,302301323.5,302.3013235
7/19/2018,7381.9,7573.99,7270,7466.21,38217.46,282897223.8,282.8972238
7/18/2018,7317.44,7588.08,7225.38,7381.9,53379.35,395394487.1,395.3944871
7/17/2018,6723.35,7452,6652.04,7317.44,44749.42,312457623.2,312.4576232
7/16/2018,6353.01,6747.3,6330.4,6723.35,33547.54,219676880.6,219.6768806
7/15/2018,6251.99,6395,6225.4,6353.01,22302.78,141120821.5,141.1208215
7/14/2018,6214.57,6335,6178,6251.99,16980.84,105948150.4,105.9481504
7/13/2018,6250.57,6350,6110,6214.57,24233.9,151101104.4,151.1011044
7/12/2018,6378.07,6380.28,6070,6250.57,28442.93,176557543.4,176.5575434
7/11/2018,6296.91,6406,6278.99,6378.07,27261.07,173124986.8,173.1249868
7/10/2018,6662.12,6681,6263,6296.91,35210.77,227537376.9,227.5373769
7/9/2018,6712.1,6802.06,6612.24,6662.12,24981.94,167524258.7,167.5242587
7/8/2018,6756.98,6780,6668,6712.1,23296.28,157024170.3,157.0241703
7/7/2018,6609.78,6818.16,6508.88,6756.98,21978.78,144751086.7,144.7510867
7/6/2018,6529.2,6648.54,6425,6609.78,27529.34,180019371.3,180.0193713
7/5/2018,6586.98,6700,6453.78,6529.2,32443.55,213525835.3,213.5258353
7/4/2018,6513.86,6784.92,6441.11,6586.98,21412.98,141968661.2,141.9686612
7/3/2018,6615.29,6679.35,6463.01,6513.86,35198.66,231799827,231.799827
7/2/2018,6356.81,6685,6271.62,6615.29,33026.95,214590129,214.590129
7/1/2018,6390.07,6441.06,6251,6356.81,25719.81,163403693.2,163.4036932
6/30/2018,6197.92,6528.99,6186.03,6390.07,35066.33,223364691.1,223.3646911
6/29/2018,5853.98,6300,5780,6197.92,30874.03,183154912.3,183.1549123
6/28/2018,6133.73,6173.01,5827,5853.98,28898.22,175103059.1,175.1030591
6/27/2018,6070.78,6190.43,5971,6133.73,18233.86,111061529.9,111.0615299
6/26/2018,6252,6272.54,6035,6070.78,17954.65,110930092.4,110.9300924
6/25/2018,6136.97,6350,6080,6252,36191.98,224423378.2,224.4233782
6/24/2018,6149.98,6259.8,5750,6136.97,41296.18,247156010.1,247.1560101
6/23/2018,6045,6260,6008.48,6149.98,25275.69,154505308.6,154.5053086
6/22/2018,6718.84,6733.97,5918.94,6045,46190.22,290191631.3,290.1916313
6/21/2018,6761.51,6795,6672.57,6718.84,24610.33,165641459.1,165.6414591
6/20/2018,6741.21,6817.23,6551.81,6761.51,24856.17,165916535.4,165.9165354
6/19/2018,6712.46,6841.74,6653,6741.21,23242.74,156224462.4,156.2244624
6/18/2018,6449.61,6794.37,6380,6712.46,29675.51,194424208.2,194.4242082
6/17/2018,6483.98,6589.03,6422,6449.61,19251.31,125243769.6,125.2437696
6/16/2018,6388.9,6560,6320.86,6483.98,21157.78,136535324.2,136.5353242
6/15/2018,6635.98,6666.66,6362.31,6388.9,28128.53,183865198.4,183.8651984
6/14/2018,6292.78,6720,6260,6635.98,40272.35,261601191.9,261.6011919
6/13/2018,6530,6627.6,6118.68,6292.78,41763.12,267223119.5,267.2231195
6/12/2018,6872,6890.51,6435,6530,33509.64,224464654.9,224.4646549
6/11/2018,6764.99,6922,6610,6872,32459.41,218937664.1,218.9376641
6/10/2018,7491.73,7491.73,6622.81,6764.99,46345.2,325423841.7,325.4238417
6/9/2018,7603.44,7683.98,7450,7491.73,18385.98,139964329.1,139.9643291
6/8/2018,7691.08,7703.5,7531,7603.44,21943.48,167167412.8,167.1674128
6/7/2018,7658.84,7765,7620,7691.08,24050.89,185165404.4,185.1654044
6/6/2018,7625,7699,7467.05,7658.84,25975.09,197476363.7,197.4763637
6/5/2018,7487,7679.49,7358,7625,28444.14,212968435,212.968435
6/4/2018,7714.26,7760.52,7446.5,7487,30103.36,227846884.1,227.8468841
6/3/2018,7640.03,7786.69,7600,7714.26,25954.74,199793084.6,199.7930846
6/2/2018,7521.01,7697.33,7437,7640.03,25360.71,193032336.6,193.0323366
6/1/2018,7485.01,7608.55,7355.54,7521.01,26661.71,199516324.3,199.5163243
5/31/2018,7375.96,7651.01,7327.51,7485.01,28617.57,214754893,214.754893
5/30/2018,7461.29,7569,7260.5,7375.96,29974.32,222637229.1,222.6372291
5/29/2018,7099,7540,7032.95,7461.29,36056.86,263433748.2,263.4337482
5/28/2018,7338.99,7437,7058.02,7099,25174.08,182005249,182.005249
5/27/2018,7333.96,7400,7231.11,7338.99,17587.31,128534332.1,128.5343321
5/26/2018,7457,7620,7300,7333.96,18281.18,136765852.5,136.7658525
5/25/2018,7575.01,7649.55,7308.15,7457,24785.5,185181707.5,185.1817075
5/24/2018,7501.95,7730.73,7266.99,7575.01,34515.84,259309003.9,259.3090039
5/23/2018,7977.11,8031.9,7425,7501.95,38947.89,300728157.7,300.7281577
5/22/2018,8381.24,8400.18,7935.11,7977.11,22045.73,180764898.6,180.7648986
5/21/2018,8526.98,8589,8305,8381.24,19998.32,168922210.2,168.9222102
5/20/2018,8233.49,8609,8163.9,8526.98,18721.24,157025535.6,157.0255356
5/19/2018,8239.81,8390.8,8095.73,8233.49,16146.96,133258118.8,133.2581188
5/18/2018,8041.46,8273.21,7911.9,8239.81,21838.33,176654119.5,176.6541195
5/17/2018,8330,8464,7979,8041.46,22070.3,181809439.2,181.8094392
5/16/2018,8462,8488,8083.01,8330,26918.99,222292813.5,222.2928135
5/15/2018,8663.34,8859.99,8401.3,8462,24109.53,207836593,207.836593
5/14/2018,8679.71,8879.99,8277,8663.34,33985.62,291335226.7,291.3352267
5/13/2018,8465.94,8763.36,8299.49,8679.71,23839.79,204132126.4,204.1321264
5/12/2018,8400,8646.88,8153,8465.94,37239.64,312714296.3,312.7142963
5/11/2018,9002.2,9016.8,8341,8400,43341.84,376368170,376.36817
5/10/2018,9310,9395.12,8970,9002.2,23030.82,212986751.5,212.9867515
5/9/2018,9187.56,9390,8965,9310,24142.49,221729195,221.729195
5/8/2018,9365,9475.7,9060.54,9184,23665.43,219174766.6,219.1747666
5/7/2018,9659.01,9689.67,9181,9365,31217.86,292016773.9,292.0167739
5/6/2018,9864,9970,9417.03,9659.01,25845.38,249566350.7,249.5663507
5/5/2018,9713.99,10020,9682,9864,23037.14,227505648.5,227.5056485
5/4/2018,9750,9830.04,9520.85,9713.99,26514.27,256627305.9,256.6273059
5/3/2018,9247.84,9844,9168.4,9750,35823.63,338059066.6,338.0590666
5/2/2018,9071.48,9268,8970.2,9247.84,24261.11,221413701.2,221.4137012
5/1/2018,9246.01,9248.99,8800.49,9071.48,37420.61,336365913,336.365913
4/30/2018,9419,9458.64,9124.99,9246.01,32200.03,299028368.4,299.0283684
4/29/2018,9348,9570.51,9163.74,9419,35323.73,330606890.2,330.6068902
4/28/2018,8915.35,9427.48,8870,9348,32021.91,296312657,296.312657
4/27/2018,9266,9395,8889,8915.35,34350.82,316235224.8,316.2352248
4/26/2018,8869.99,9307.48,8651.62,9266,39468.03,351025916.3,351.0259163
4/25/2018,9619.99,9759.82,8730,8869.99,72185.81,663301389.2,663.3013892
4/24/2018,8934.01,9731.01,8922,9622.02,42239.31,393760680.3,393.7606803
4/23/2018,8787.02,8985,8745,8934.01,24369.66,216695602.1,216.6956021
4/22/2018,8915.31,9020.67,8727.68,8787.02,27128.97,241115120.9,241.1151209
4/21/2018,8856.98,9035,8565,8915.31,37486.38,329192462.2,329.1924622
4/20/2018,8278,8930,8177.09,8856.98,35930.64,304403855.4,304.4038554
4/19/2018,8173,8296,8080,8278,25235.04,207252921.3,207.2529213
4/18/2018,7885.02,8236.43,7868,8173,24598.08,198521796.6,198.5217966
4/17/2018,8064.92,8173.7,7825.4,7885.02,29361.86,235852589.9,235.8525899
4/16/2018,8355,8419,7867,8064.92,32793.47,264557257.9,264.5572579
4/15/2018,7999.01,8429.54,7999.01,8355,25387.49,209153533.4,209.1535334
4/14/2018,7877.41,8186,7810,7999.01,29396.9,235088878,235.088878
4/13/2018,7923,8233.39,7732,7877.41,48966.27,391304308.7,391.3043087
4/12/2018,6953.79,8000.63,6743.2,7923,52462.81,391576360.8,391.5763608
4/11/2018,6843.9,6990,6787,6953.79,22782.18,156882280.2,156.8822802
4/10/2018,6782.72,6890,6656,6843.9,20936.25,141981066.1,141.9810661
4/9/2018,7018,7185,6611,6782.72,30915.42,212708114,212.708114
4/8/2018,6895.8,7109.13,6880,7018,20313.27,142160303,142.160303
4/7/2018,6601.39,7070,6586.28,6895.8,30015.34,206848291.1,206.8482911
4/6/2018,6770.76,6850,6500,6601.39,25462.58,168941382.8,168.9413828
4/5/2018,6796.1,6902,6566.69,6770.76,36076.98,243522299.4,243.5222994
4/4/2018,7405.21,7427.52,6707,6796.1,38576.06,271762021.3,271.7620213
4/3/2018,7056,7520,7011.01,7405.21,35371.14,259350620,259.35062
4/2/2018,6813.01,7125,6765,7056,29932.66,209015725.6,209.0157256
4/1/2018,6923.91,7049.98,6430,6813.01,40263.37,271822911.4,271.8229114
3/31/2018,6840.23,7223.36,6777,6923.91,34014.7,238337082.3,238.3370823
3/30/2018,7090.14,7292.43,6600.28,6840.23,58906.55,406204676.1,406.2046761
3/29/2018,7949.3,7975,6941.11,7090.14,49271.03,366308942.6,366.3089426
3/28/2018,7795.51,8109,7728,7949.3,24866.87,197013957.1,197.0139571
3/27/2018,8134.23,8215.94,7730,7795.51,34554.36,274766866.1,274.7668661
3/26/2018,8470.15,8514.89,7831,8134.23,39920.48,325068375.4,325.0683754
3/25/2018,8546.86,8669.85,8365.77,8470.15,27184.64,231558043.9,231.5580439
3/24/2018,8898.03,8999.95,8491,8546.86,33068.56,292115106.5,292.1151065
3/23/2018,8722.9,8909,8269,8898.03,36943,314807017.1,314.8070171
3/22/2018,8885,9100,8465.1,8722.9,37296.04,325879518.9,325.8795189
3/21/2018,8909.98,9177.01,8750.6,8885,36819.81,329967659,329.967659
3/20/2018,8600,9050,8280,8909.98,41477.45,358510959.9,358.5109599
3/19/2018,8189.99,8705.23,8088.4,8600,49737.89,416044378.7,416.0443787
3/18/2018,7824.8,8317.4,7322,8189.99,52990.19,407852577.5,407.8525775
3/17/2018,8260,8348.62,7721.99,7824.8,30758.47,247093598.1,247.0935981
3/16/2018,8240.98,8611.64,7900,8260,35584.81,295498666.9,295.4986669
3/15/2018,8170,8430,7650,8240.98,46635.96,376409062.3,376.4090623
3/14/2018,9150,9333.78,7900.28,8170,44449.41,381421226.1,381.4212261
3/13/2018,9131.34,9474,8823,9150,36864.04,336975582.5,336.9755825
3/12/2018,9533.57,9888.88,8780,9131.22,37368.44,350201106,350.201106
3/11/2018,8770.22,9739.18,8450,9533.57,40514.46,368669127.2,368.6691272
3/10/2018,9227,9490,8667.07,8770.22,34235.3,314238528.8,314.2385288
3/9/2018,9271.64,9410,8329,9227,58314.31,515973505,515.973505
3/8/2018,9910,10099,9060,9271.64,37156.84,357077859.4,357.0778594
3/7/2018,10716.48,10899,9389.31,9910,42833.84,436485902.6,436.4859026
3/6/2018,11454,11455,10555.48,10716.48,27488.54,301579838.6,301.5798386
3/5/2018,11515,11710,11415.01,11454,14276.07,164842361.9,164.8423619
3/4/2018,11464.48,11565,11050.02,11515,16252.37,183077663.6,183.0776636
3/3/2018,11039,11544,11015.01,11464.48,20044.83,227643824.4,227.6438244
3/2/2018,10920,11200,10770,11039,22326.97,245510927.6,245.5109276
3/1/2018,10326.76,11060.41,10240,10920,23394.5,249999978.3,249.9999783
2/28/2018,10569.04,11098,10300,10326.76,28318.19,301441703.6,301.4417036
2/27/2018,10324,10870,10121,10569.04,28490.63,300873597.3,300.8735973
2/26/2018,9590,10444.32,9350,10324,31829.46,317014732.3,317.0147323
2/25/2018,9694.51,9847,9274.8,9590,26646.08,254779432.4,254.7794324
2/24/2018,10131.04,10496.97,9352,9694.51,37601.32,372931768.8,372.9317688
2/23/2018,9811.04,10435,9570.19,10131.04,51699.13,516764021.3,516.7640213
2/22/2018,10437.6,10933.44,9679,9812,60160.28,612036600.1,612.0366001
2/21/2018,11200.99,11304.03,10200,10437.6,60698.11,651841861.3,651.8418613
2/20/2018,11153,11786.01,11100.59,11200.99,42976.9,492456688.4,492.4566884
2/19/2018,10383.43,11250,10270.33,11153,35933.51,391174895.8,391.1748958
2/18/2018,11039.55,11274,10080,10388.87,55159.58,585967908.5,585.9679085
2/17/2018,10159.98,11075.07,10050,11039.55,38435.94,409295505.6,409.2955056
2/16/2018,10000.09,10323.37,9666,10159.98,35216.36,351711951.6,351.7119516
2/15/2018,9449.99,10219.5,9301.5,10000.09,47105.76,460450305,460.450305
2/14/2018,8539.9,9489.6,8533,9449.99,37166.09,336986708.9,336.9867089
2/13/2018,8903,8950,8351,8539.9,32588.8,280503054.4,280.5030544
2/12/2018,8063.88,8989,8053,8903,38398.92,331452261.1,331.4522611
2/11/2018,8533.98,8549,7726.53,8063.88,41338.22,336875418.5,336.8754185
2/10/2018,8683.92,9065.78,8120,8533.98,45048.99,386317864.6,386.3178646
2/9/2018,7784.02,8738,7784.02,8683.92,19100.17,161661446.3,161.6614463
2/8/2018,7599,7844,7572.09,7784.02,1376.8,10650673.29,10.65067329
2/7/2018,7652.14,8476,7150.01,7599,55738.8,438333474.3,438.3334743
2/6/2018,6939.99,7878,6000.01,7652.14,88573.43,604827192.5,604.8271925
2/5/2018,8184.81,8382.8,6625,6939.99,56551.1,420763927.5,420.7639275
2/4/2018,9199.96,9368,7930,8184.81,29653.19,254787385.8,254.7873858
2/3/2018,8873.03,9473.01,8229,9199.96,26861.87,240167216.7,240.1672167
2/2/2018,9224.52,9250,8010.02,8873.03,45683.92,397058595.5,397.0585955
2/1/2018,10285.1,10335,8750.99,9224.52,31291.48,296173911.6,296.1739116
1/31/2018,10237.51,10425.85,9700,10285.1,16790.52,169313511.9,169.3135119
1/30/2018,11251,11308.42,9900,10237.51,23705.37,249665473.2,249.6654732
1/29/2018,11879.95,11975.02,11139.55,11251,13396.35,153252830.3,153.2528303
1/28/2018,11498.31,12244,11408,11879.95,15989.57,189553059.8,189.5530598
1/27/2018,11089,11650,10842.69,11498.31,17752.21,200163218.6,200.1632186
1/26/2018,11175.27,11643,10311.15,11089,30454.62,332169294.2,332.1692942
1/25/2018,11349.99,11794.05,10950.21,11175.27,19534.52,221289230.7,221.2892307
1/24/2018,10799.18,11570.48,10500,11350,25385.61,279916563.6,279.9165636
1/23/2018,10760.05,11399,9905,10799.18,34576.61,368525859.1,368.5258591
1/22/2018,11530,11926.35,9900.24,10760.05,40200.74,437390092.8,437.3900928
1/21/2018,12799.94,12799.94,10965,11530,38198.74,448157252.1,448.1572521
1/20/2018,11474.98,13099,11412.45,12799.94,26892.43,335176241,335.176241
1/19/2018,10961.97,11795,10360,11474.98,31725.06,355886069.5,355.8860695
1/18/2018,10988.79,11878.82,10435.33,10961.97,44630.41,498574673.2,498.5746732
1/17/2018,10900,11680.99,9037.94,10988.79,65739.97,676511397.2,676.5113972
1/16/2018,13539.93,13542.93,9035,10900,57782.94,659175459.3,659.1754593
1/15/2018,13474.99,14249.99,12781.09,13539.93,13478.7,184658025,184.658025
1/14/2018,14210,14339.5,12569.2,13474.99,16068.86,213957978,213.957978
1/13/2018,13740.01,14580,13706.15,14210,11761.21,166566234.5,166.5662345
1/12/2018,13238.78,14109.78,12500,13740.01,15623.63,211765973.4,211.7659734
1/11/2018,14907.09,14968.68,11400,13238.78,30583.29,407402825.9,407.4028259
1/10/2018,14400,14955.66,13131.31,14907.09,15923.89,223156647.2,223.1566472
1/9/2018,14902.54,15500,14011.05,14400,13116.63,193055091.7,193.0550917
1/8/2018,16150.03,16322.3,12812,14902.54,22021.1,327290494.6,327.2904946
1/7/2018,17069.79,17099.96,15610,16150.03,9055.69,149393171.9,149.3931719
1/6/2018,16960.39,17143.13,16011.21,17069.79,14467.86,241040112.3,241.0401123
1/5/2018,15059.54,17176.24,14400,16960.39,21727.09,344841184.3,344.8411843
1/4/2018,14919.51,15280,13918.04,15059.54,20701.32,303572711.5,303.5727115
1/3/2018,14675.11,15307.56,14150,14919.51,15324.48,227499526.8,227.4995268
1/2/2018,13380,15473.49,12890.02,14675.11,19323.86,269079153.3,269.0791533
1/1/2018,13716.36,13818.55,12750,13387,8229.99,109742453.9,109.7424539
12/31/2017,12440.01,14050.11,12149.98,13716.36,11185.03,147593919.7,147.5939197
12/30/2017,14378.9,14398.85,11750,12440.01,18048.22,232723365.5,232.7233655
12/29/2017,14182.11,14981,13850,14378.9,17529.86,253095687.2,253.0956872
12/28/2017,15459.99,15539.99,13150,14182.11,20542.86,287041200.3,287.0412003
12/27/2017,15689.01,16498.05,14200.15,15459.99,14346,221786512.5,221.7865125
12/26/2017,13699.34,16050,13533,15689.01,14518.35,217044138.3,217.0441383
12/25/2017,13500,14300,12708,13699.34,15309.82,207213890.2,207.2138902
12/24/2017,13300,13819.99,11640,13500,27308.43,349823587.6,349.8235876
12/23/2017,13326.61,14950,12978.18,13300,12442.98,174977207.8,174.9772078
12/22/2017,15492.64,15699.34,10961,13326.61,33474.46,443587826.3,443.5878263
12/21/2017,16488.98,17309.5,14022,15492.64,19677.98,310221579.9,310.2215799
12/20/2017,17295.2,17720.35,14777.66,16488.98,12787.63,210427471.1,210.4274711
12/19/2017,18856.25,18950,16300,17295.2,12628.02,222678979.8,222.6789798
12/18/2017,18860.02,19300,17029.98,18856.25,10280.98,190057336.9,190.0573369
12/17/2017,19102.66,19798.68,18510,18860.02,8980.73,172113390.5,172.1133905
12/16/2017,17539.83,19539,17190.01,19102.66,4118.28,74736577.26,74.73657726
12/15/2017,16334.98,17991,16298.45,17539.83,8999.13,156645098.6,156.6450986
12/14/2017,16033.29,16445,15450,16334.98,11220.26,179714368.7,179.7143687
12/13/2017,16349.99,16546,14666.56,16033.29,12216.88,193659309.9,193.6593099
12/12/2017,16587.97,16976.45,15875,16349.99,9309.36,153618681.2,153.6186812
12/11/2017,14899.98,17470,14899.98,16587.97,11632.79,189991754.6,189.9917546
12/10/2017,14656.07,15720.12,12368,14899.98,16107.43,227450819.9,227.4508199
12/9/2017,15880,16269.3,12535,14656.07,13725,202610478.6,202.6104786
12/8/2017,16599,17204.99,14015,15880,17344.04,267790028.5,267.7900285
12/7/2017,13550.05,16649.96,13050,16599,7262.95,106276261.2,106.2762612
12/6/2017,11699.99,13615.23,11665.58,13550.05,6556.68,82493149.76,82.49314976
12/5/2017,11579,11853,11447.68,11699.99,5510.92,64256817.15,64.25681715
12/4/2017,11165.41,11600,10802,11579,4599.15,52088059.28,52.08805928
12/3/2017,10890.01,11825,10500,11165.41,5212.23,58847089.26,58.84708926
12/2/2017,10782.99,11190,10620,10890.01,4700.93,51343786.05,51.34378605
12/1/2017,9838.96,10898,9380,10782.99,6033.85,61238619.44,61.23861944
11/30/2017,9687.88,10900,8850.8,9838.96,9181.76,89443707.91,89.44370791
11/29/2017,9896.8,11300.03,8520,9687.88,13041.92,132892125.4,132.8921254
11/28/2017,9650,9939,9570.5,9896.8,4877.07,47842436.8,47.8424368
11/27/2017,9128.02,9654.28,9112.04,9650,4473.98,42510408.37,42.51040837
11/26/2017,8700.01,9350,8604.72,9128.02,4108.18,36788798.23,36.78879823
11/25/2017,8138,8734.78,8090,8700.01,4228.66,35557462.89,35.55746289
11/24/2017,8019.99,8369,7850,8138,4331.83,35190695.02,35.19069502
11/23/2017,8205.92,8260,8000,8019.99,4054.54,33078791.97,33.07879197
11/22/2017,8119.51,8322.68,8091.09,8205.92,3518.81,28909672.15,28.90967215
11/21/2017,8212,8400,7801,8119.51,4468.09,36459262.83,36.45926283
11/20/2017,8038,8319.99,7954,8212,3857,31325904.01,31.32590401
11/19/2017,7761.94,8123.15,7650.33,8038,3845.99,30155811.14,30.15581114
11/18/2017,7699.19,7819.99,7422,7761.94,3912.88,30018085.64,30.01808564
11/17/2017,7864.5,7989,7451,7699.19,3893.14,30331551.17,30.33155117
11/16/2017,7240.06,7940,7076,7864.5,2294.2,17218742.72,17.21874272
11/15/2017,6574.99,7298,6574.99,7240.06,1745.83,12209260.29,12.20926029
11/14/2017,6465.99,6684.98,6311.07,6574.99,1228.66,8002218.02,8.00221802
11/13/2017,5811.03,6697.47,5699.99,6465.99,2543.41,16021297.87,16.02129787
11/12/2017,6245.05,6630,5325.01,5811.03,4854.44,29032268.06,29.03226806
11/11/2017,6506.98,6797.98,6100,6245.05,2685.67,17244601.14,17.24460114
11/10/2017,7079.99,7279.91,6255.01,6506.98,3186.23,21622898.73,21.62289873
11/9/2017,7303,7392,7015,7079.99,1893.28,13654254.41,13.65425441
11/8/2017,7064.04,7770,6651,7303,2726.84,19801967.39,19.80196739
11/7/2017,6960.12,7198.49,6901,7064.04,1421.75,10043061.88,10.04306188
11/6/2017,7345.01,7401,6906,6960.12,1741.45,12518224.29,12.51822429
11/5/2017,7357.09,7590.25,7279.02,7345.01,1192.58,8887109.79,8.88710979
11/4/2017,7115.04,7480.99,6901,7357.09,1385.7,9967485.56,9.96748556
11/3/2017,7019.98,7346.34,6923,7115.04,1857.73,13371961.76,13.37196176
11/2/2017,6753.98,7300,6685.1,7019.98,2459.59,17065694.69,17.06569469
11/1/2017,6463,6774.67,6338.02,6753.98,1659.85,10848260.96,10.84826096
10/31/2017,6120.5,6498.01,6100,6463,1498.91,9405855.26,9.40585526
10/30/2017,6169.98,6248.68,6030,6120.5,1467.03,8989412.91,8.98941291
10/29/2017,5719.64,6189.88,5648.01,6169.98,1783.44,10494670.52,10.49467052
10/28/2017,5768.83,5850.02,5630.03,5719.64,1269.38,7265286.61,7.26528661
10/27/2017,5861.77,5980,5649.24,5768.83,1394.13,8110889.65,8.11088965
10/26/2017,5689.99,5939.99,5650,5861.77,1959.75,11340558.63,11.34055863
10/25/2017,5477.03,5704.96,5286.98,5689.99,2256.1,12398533.97,12.39853397
10/24/2017,5915.93,5925,5450,5477.03,2555.89,14426687.47,14.42668747
10/23/2017,5950.02,6080,5621.03,5915.93,1788.86,10468709.39,10.46870939
10/22/2017,6024.97,6060,5720.03,5950.02,1347.95,7951487.14,7.95148714
10/21/2017,6010.01,6171,5850.03,6024.97,1650.65,10031910.73,10.03191073
10/20/2017,5683.9,6110,5600,6010.01,1930.56,11235714.66,11.23571466
10/19/2017,5512.06,5710,5490.26,5683.9,1869.04,10537781.67,10.53778167
10/18/2017,5595,5596,5037.95,5512.06,2295.6,12337122.76,12.33712276
10/17/2017,5760.02,5774.98,5508.63,5595,1422.23,7998644.63,7.99864463
10/16/2017,5709.99,5788.91,5585.19,5760.02,1516.11,8628528.43,8.62852843
10/15/2017,5869.99,5922.3,5400.01,5709.99,1329.45,7474934.37,7.47493437
10/14/2017,5649.98,5900,5580.01,5869.99,966.19,5507933.89,5.50793389
10/13/2017,5430,5846.17,5379.84,5649.98,1865.9,10519034.83,10.51903483
10/12/2017,4821.43,5439.99,4810.16,5430,1267.18,6610146,6.610146
10/11/2017,4783.06,4881.61,4710,4821.43,736.72,3529503.87,3.52950387
10/10/2017,4786.95,4960,4680.59,4783.06,1036.4,5011470.95,5.01147095
10/9/2017,4640,4889.98,4550,4786.95,639.27,3006465.77,3.00646577
10/8/2017,4423,4658,4423,4640,504.13,2282412.29,2.28241229
10/7/2017,4369,4479.5,4312.56,4423,288.14,1261367.6,1.2613676
10/6/2017,4292.43,4417,4292,4369,502.17,2193131.64,2.19313164
10/5/2017,4208.59,4355,4110,4292.43,760.44,3216620.42,3.21662042
10/4/2017,4310,4373,4142,4208.59,859.82,3639917,3.639917
10/3/2017,4380,4467.33,4180.8,4310,1070.97,4579122.09,4.57912209
10/2/2017,4378.48,4561.63,4360,4380,634.55,2811131.03,2.81113103
10/1/2017,4378.51,4406.52,4240.04,4378.48,724.9,3128231.71,3.12823171
9/30/2017,4174.69,4380,4138.1,4378.51,705.52,3025265.75,3.02526575
9/29/2017,4174.5,4263.86,3952.01,4174.69,1561.22,6403068.39,6.40306839
9/28/2017,4193,4300,4101,4174.5,839.55,3510052.09,3.51005209
9/27/2017,3882.35,4249.94,3872.81,4193,625.3,2542872.29,2.54287229
9/26/2017,3920.75,3976.99,3850.05,3882.35,523.31,2047857.28,2.04785728
9/25/2017,3660.02,3979.87,3653.69,3920.75,720.64,2755957.53,2.75595753
9/24/2017,3780,3789.99,3622.76,3660.02,659.82,2439045.2,2.4390452
9/23/2017,3595.87,3817.19,3542.91,3780,747.79,2781158.57,2.78115857
9/22/2017,3609.99,3750,3505.55,3595.87,833.3,3011224.81,3.01122481
9/21/2017,3900,3910,3567,3609.99,971.06,3642671.89,3.64267189
9/20/2017,3910.04,4046.08,3820,3900,719.59,2834260.05,2.83426005
9/19/2017,4035.01,4089.97,3830.91,3910.04,898.81,3544361.84,3.54436184
9/18/2017,3699.99,4123.2,3690,4035.01,1027.67,4059703.98,4.05970398
9/17/2017,3714.95,3748.21,3499.02,3699.99,676.16,2445321.19,2.44532119
9/16/2017,3700,3950,3470.66,3714.95,1280.1,4739326.89,4.73932689
9/15/2017,3189.02,3856,2817,3700,1949.32,6525220.95,6.52522095
9/14/2017,3944.69,3993,3165.13,3189.02,1642.54,5831847.65,5.83184765
9/13/2017,4163.72,4165.38,3760,3944.69,901.25,3522155.98,3.52215598
9/12/2017,4208.47,4394.59,4040.8,4163.72,873.9,3700789.23,3.70078923
9/11/2017,4130.37,4334.43,4098.91,4208.47,685.57,2895733.88,2.89573388
9/10/2017,4258.81,4283,3801,4130.37,648.94,2653218.2,2.6532182
9/9/2017,4282.8,4426.62,4150.06,4258.81,658.59,2814560.35,2.81456035
9/8/2017,4691.61,4735.39,4028.93,4282.8,1108.34,4764005.93,4.76400593
9/7/2017,4619.77,4788.59,4438.19,4691.61,481.83,2219664.92,2.21966492
9/6/2017,4366.47,4662.87,4335.26,4619.77,779.5,3500735.96,3.50073596
9/5/2017,4100.11,4484.99,3603,4366.47,1175.2,4863148.22,4.86314822
9/4/2017,4509.08,4527.49,3972.51,4100.11,1309.91,5550545.61,5.55054561
9/3/2017,4472.14,4714.76,4298.33,4509.08,666.62,3011023.5,3.0110235
9/2/2017,4834.91,4939.19,4286.87,4472.14,888.18,4072965.36,4.07296536
9/1/2017,4724.89,4885.55,4654.88,4834.91,554.18,2634056.29,2.63405629
8/31/2017,4555.14,4745.42,4555.14,4724.89,550.18,2548384.43,2.54838443
8/30/2017,4587.48,4647.51,4416.01,4555.14,790.13,3600737.68,3.60073768
8/29/2017,4386.69,4625.85,4313.55,4587.48,594.12,2640584.83,2.64058483
8/28/2017,4310.01,4399.82,4124.54,4386.69,593.15,2546618.75,2.54661875
8/27/2017,4337.44,4400,4285.54,4310.01,347.47,1507589.96,1.50758996
8/26/2017,4280.68,4367,4212.41,4337.44,225.76,967753.32,0.96775332
8/25/2017,4316.01,4453.91,4247.48,4280.68,563.36,2440323.79,2.44032379
8/24/2017,4114.01,4371.68,4085.01,4316.01,770.46,3225405.8,3.2254058
8/23/2017,4040,4265.8,4013.89,4114.01,980.5,4062506.52,4.06250652
8/22/2017,4016,4104.82,3400,4040,939.91,3648726.5,3.6487265
8/21/2017,4086.29,4119.62,3911.79,4016,685.12,2770592.06,2.77059206
8/20/2017,4139.98,4211.08,4032.62,4086.29,463.54,1915636.35,1.91563635
8/19/2017,4108.37,4184.69,3850,4139.98,371.15,1508239.39,1.50823939
8/18/2017,4285.08,4371.52,3938.77,4108.37,1178.07,4994493.56,4.99449356
8/17/2017,4469.93,4485.39,4200.74,4285.08,647.86,2812379.11,2.81237911
