,Open,High,Low,Close,Volume BTC,Volume USDT mil,Open_b_1,High_b_1,Low_b_1,Close_b_1,Volume_(BTC)_b_1,Volume_(Currency)_b_1
0,7758.0,8207.68,7723.71,8145.28,81794.92,649.6866777,8145.28,8455.0,7870.0,8055.98,100231.74,824.5096053999999
1,7358.75,7795.34,7346.76,7758.0,49697.96,375.9534646,7758.0,8207.68,7723.71,8145.28,81794.92,649.6866777
2,7354.11,7495.0,7318.0,7358.75,34999.35,260.1089768,7358.75,7795.34,7346.76,7758.0,49697.96,375.9534646
3,7344.96,7404.0,7272.21,7354.11,27821.23,203.98506980000002,7354.11,7495.0,7318.0,7358.75,34999.35,260.1089768
4,6965.71,7405.0,6871.04,7344.96,61732.73,446.70889220000004,7344.96,7404.0,7272.21,7354.11,27821.23,203.98506980000002
5,7200.85,7212.5,6924.74,6965.71,28711.23,203.1135936,6965.71,7405.0,6871.04,7344.96,61732.73,446.70889220000004
6,7195.23,7255.0,7175.15,7200.85,15863.73,114.51018700000002,7200.85,7212.5,6924.74,6965.71,28711.23,203.1135936
7,7246.0,7320.0,7145.01,7195.23,24256.85,175.25467869999997,7195.23,7255.0,7175.15,7200.85,15863.73,114.51018700000002
8,7388.24,7408.24,7220.0,7246.0,27565.74,201.5970368,7246.0,7320.0,7145.01,7195.23,24256.85,175.25467869999997
9,7316.14,7528.45,7288.0,7388.24,29020.09,214.23016980000003,7388.24,7408.24,7220.0,7246.0,27565.74,201.5970368
10,7254.74,7365.01,7238.67,7316.14,25071.48,183.3254427,7316.14,7528.45,7288.0,7388.24,29020.09,214.23016980000003
11,7202.0,7275.86,7076.42,7254.74,30768.07,221.5402891,7254.74,7365.01,7238.67,7316.14,25071.48,183.3254427
12,7204.63,7435.0,7157.12,7202.0,33167.16,240.80117579999998,7202.0,7275.86,7076.42,7254.74,30768.07,221.5402891
13,7255.77,7271.77,7128.86,7204.63,25457.83,183.60408280000001,7204.63,7435.0,7157.12,7202.0,33167.16,240.80117579999998
14,7317.09,7436.68,7157.04,7255.77,39505.57,288.36163270000003,7255.77,7271.77,7128.86,7204.63,25457.83,183.60408280000001
15,7501.44,7695.38,7265.84,7317.09,60987.27,457.7289699,7317.09,7436.68,7157.04,7255.77,39505.57,288.36163270000003
16,7132.75,7518.54,7122.47,7501.44,35292.5,257.4665623,7501.44,7695.38,7265.84,7317.09,60987.27,457.7289699
17,7187.83,7190.58,7105.0,7132.75,18190.18,129.9469093,7132.75,7518.54,7122.47,7501.44,35292.5,257.4665623
18,7150.3,7220.0,7079.5,7187.83,29759.82,212.8713984,7187.83,7190.58,7105.0,7132.75,18190.18,129.9469093
19,7277.83,7380.0,7038.31,7150.3,50624.1,362.42177369999996,7150.3,7220.0,7079.5,7187.83,29759.82,212.8713984
20,6623.82,7440.0,6435.0,7277.83,85595.89,585.2282557999999,7277.83,7380.0,7038.31,7150.3,50624.1,362.42177369999996
21,6891.72,6942.21,6560.0,6623.82,48961.97,331.0134063,6623.82,7440.0,6435.0,7277.83,85595.89,585.2282557999999
22,7118.59,7150.0,6836.0,6891.72,39497.8,276.9798827,6891.72,6942.21,6560.0,6623.82,48961.97,331.0134063
23,7064.05,7200.3,7008.35,7118.59,24422.47,173.3884888,7118.59,7150.0,6836.0,6891.72,39497.8,276.9798827
24,7258.48,7271.77,7012.0,7064.05,27222.69,194.32269,7064.05,7200.3,7008.35,7118.59,24422.47,173.3884888
25,7198.08,7309.05,7190.76,7258.48,25590.86,185.22024380000002,7258.48,7271.77,7012.0,7064.05,27222.69,194.32269
26,7210.0,7295.0,7080.3,7198.08,38744.76,278.210361,7198.08,7309.05,7190.76,7258.48,25590.86,185.22024380000002
27,7224.13,7275.5,7125.66,7210.0,27874.05,201.09220990000003,7210.0,7295.0,7080.3,7198.08,38744.76,278.210361
28,7338.64,7407.6,7157.1,7224.13,45187.19,330.0055173,7224.13,7275.5,7125.66,7210.0,27874.05,201.09220990000003
29,7510.11,7650.0,7273.0,7338.64,42385.3,315.9324607,7338.64,7407.6,7157.1,7224.13,45187.19,330.0055173
30,7488.21,7564.0,7374.86,7510.11,27712.74,207.2765497,7510.11,7650.0,7273.0,7338.64,42385.3,315.9324607
31,7527.47,7619.62,7470.16,7488.21,29505.47,221.99982709999998,7488.21,7564.0,7374.86,7510.11,27712.74,207.2765497
32,7389.0,7590.03,7305.0,7527.47,44263.35,327.7775146,7527.47,7619.62,7470.16,7488.21,29505.47,221.99982709999998
33,7194.32,7485.0,7150.0,7389.0,54542.99,399.8116238,7389.0,7590.03,7305.0,7527.47,44263.35,327.7775146
34,7292.71,7750.0,7067.0,7194.32,75289.06,550.9668035,7194.32,7485.0,7150.0,7389.0,54542.99,399.8116238
35,7294.28,7400.0,7241.35,7292.71,30874.84,225.7468653,7292.71,7750.0,7067.0,7194.32,75289.06,550.9668035
36,7390.89,7420.56,7151.1,7294.28,42953.43,313.29008819999996,7294.28,7400.0,7241.35,7292.71,30874.84,225.7468653
37,7541.89,7541.89,7210.0,7390.89,55963.07,411.2160789,7390.89,7420.56,7151.1,7294.28,42953.43,313.29008819999996
38,7739.68,7810.0,7441.0,7541.89,43649.46,333.2652981,7541.89,7541.89,7210.0,7390.89,55963.07,411.2160789
39,7419.49,7850.0,7362.3,7739.68,55883.83,425.90004189999996,7739.68,7810.0,7441.0,7541.89,43649.46,333.2652981
40,7508.52,7643.0,7360.0,7419.49,52819.31,396.692521,7419.49,7850.0,7362.3,7739.68,55883.83,425.90004189999996
41,7156.14,7655.0,6840.0,7508.52,83809.93,608.8285762,7508.52,7643.0,7360.0,7419.49,52819.31,396.692521
42,7109.57,7340.0,7017.48,7156.14,60968.73,435.6229135,7156.14,7655.0,6840.0,7508.52,83809.93,608.8285762
43,6903.28,7377.69,6515.0,7109.57,108525.89,754.4125743,7109.57,7340.0,7017.48,7156.14,60968.73,435.6229135
44,7311.57,7330.39,6861.0,6903.28,62299.87,442.31858539999996,6903.28,7377.69,6515.0,7109.57,108525.89,754.4125743
45,7268.23,7344.48,7080.01,7311.57,47009.84,339.59606610000003,7311.57,7330.39,6861.0,6903.28,62299.87,442.31858539999996
46,7627.74,7750.0,6790.0,7268.23,112866.99,818.5758093,7268.23,7344.48,7080.01,7311.57,47009.84,339.59606610000003
47,8098.01,8134.73,7500.0,7627.74,53008.6,413.1331548,7627.74,7750.0,6790.0,7268.23,112866.99,818.5758093
48,8133.64,8264.29,8038.4,8098.01,30269.17,245.54207960000002,8098.01,8134.73,7500.0,7627.74,53008.6,413.1331548
49,8187.17,8218.63,8003.0,8133.64,40268.68,326.8117166,8133.64,8264.29,8038.4,8098.01,30269.17,245.54207960000002
50,8502.4,8503.52,8060.0,8187.17,39467.55,329.1850667,8187.17,8218.63,8003.0,8133.64,40268.68,326.8117166
51,8491.02,8635.0,8350.68,8502.4,24922.3,212.2502568,8502.4,8503.52,8060.0,8187.17,39467.55,329.1850667
52,8471.73,8543.0,8400.0,8491.02,19627.54,166.42365149999998,8491.02,8635.0,8350.68,8502.4,24922.3,212.2502568
53,8646.68,8790.0,8400.0,8471.73,42189.03,361.3206103,8471.73,8543.0,8400.0,8491.02,19627.54,166.42365149999998
54,8777.12,8800.0,8582.6,8646.68,30941.25,268.2100608,8646.68,8790.0,8400.0,8471.73,42189.03,361.3206103
55,8821.94,8844.99,8702.0,8777.12,25115.33,220.19961990000002,8777.12,8800.0,8582.6,8646.68,30941.25,268.2100608
56,8733.27,8888.0,8567.6,8821.94,37072.73,323.93440069999997,8821.94,8844.99,8702.0,8777.12,25115.33,220.19961990000002
57,9039.47,9072.32,8618.68,8733.27,41436.65,364.2701204,8733.27,8888.0,8567.6,8821.94,37072.73,323.93440069999997
58,8809.41,9147.19,8750.0,9039.47,31595.96,282.028213,9039.47,9072.32,8618.68,8733.27,41436.65,364.2701204
59,8773.73,8880.0,8724.88,8809.41,27538.74,242.7176111,8809.41,9147.19,8750.0,9039.47,31595.96,282.028213
60,9216.2,9261.0,8696.0,8773.73,56517.43,505.6092984,8773.73,8880.0,8724.88,8809.41,27538.74,242.7176111
61,9339.05,9375.0,9101.0,9216.2,28015.56,258.7872296,9216.2,9261.0,8696.0,8773.73,56517.43,505.6092984
62,9308.66,9440.91,9250.01,9339.05,34728.86,324.2547834,9339.05,9375.0,9101.0,9216.2,28015.56,258.7872296
63,9393.35,9454.95,9175.76,9308.66,42441.58,395.60573769999996,9308.66,9440.91,9250.01,9339.05,34728.86,324.2547834
64,9194.71,9513.68,9115.84,9393.35,42370.15,393.9500881,9393.35,9454.95,9175.76,9308.66,42441.58,395.60573769999996
65,9289.52,9362.57,9066.14,9194.71,25927.76,238.57522039999998,9194.71,9513.68,9115.84,9393.35,42370.15,393.9500881
66,9231.61,9373.74,9186.21,9289.52,26942.52,249.7524242,9289.52,9362.57,9066.14,9194.71,25927.76,238.57522039999998
67,9140.85,9279.0,9030.0,9231.61,40389.64,369.46741460000004,9231.61,9373.74,9186.21,9289.52,26942.52,249.7524242
68,9154.72,9405.0,8913.0,9140.85,49351.8,452.1627823,9140.85,9279.0,9030.0,9231.61,40389.64,369.46741460000004
69,9407.62,9409.84,9001.01,9154.72,50546.99,463.55570530000006,9154.72,9405.0,8913.0,9140.85,49351.8,452.1627823
70,9205.14,9550.0,9072.0,9407.62,58413.16,546.8516831000001,9407.62,9409.84,9001.01,9154.72,50546.99,463.55570530000006
71,9529.93,9902.1,9160.0,9205.14,72463.52,686.1690125,9205.14,9550.0,9072.0,9407.62,58413.16,546.8516831000001
72,9230.0,9794.98,9074.34,9529.93,85188.44,805.5597415,9529.93,9902.1,9160.0,9205.14,72463.52,686.1690125
73,8655.02,10060.21,8470.38,9230.0,94762.42,870.7035585000001,9230.0,9794.98,9074.34,9529.93,85188.44,805.5597415
74,7412.41,8706.07,7361.0,8655.02,64574.69,516.4657605000001,8655.02,10060.21,8470.38,9230.0,94762.42,870.7035585000001
75,7466.62,7503.68,7337.99,7412.41,30453.61,226.43862850000002,7412.41,8706.07,7361.0,8655.02,64574.69,516.4657605000001
76,8020.0,8047.59,7300.0,7466.62,57616.2,440.2280285,7466.62,7503.68,7337.99,7412.41,30453.61,226.43862850000002
77,8197.27,8297.99,8000.0,8020.0,32201.47,263.5179708,8020.0,8047.59,7300.0,7466.62,57616.2,440.2280285
78,8223.35,8333.0,8142.03,8197.27,28093.0,230.7625898,8197.27,8297.99,8000.0,8020.0,32201.47,263.5179708
79,7948.01,8297.0,7870.0,8223.35,31537.66,253.74074840000003,8223.35,8333.0,8142.03,8197.27,28093.0,230.7625898
80,7947.01,8098.1,7866.92,7948.01,24740.87,196.88832019999998,7948.01,8297.0,7870.0,8223.35,31537.66,253.74074840000003
81,8070.58,8115.0,7816.01,7947.01,28525.23,226.48742579999998,7947.01,8098.1,7866.92,7948.01,24740.87,196.88832019999998
82,7991.74,8124.92,7929.03,8070.58,27658.8,222.2821546,8070.58,8115.0,7816.01,7947.01,28525.23,226.48742579999998
83,8159.29,8181.16,7917.0,7991.74,31904.36,256.8276735,7991.74,8124.92,7929.03,8070.58,27658.8,222.2821546
84,8348.2,8403.0,8090.0,8159.29,30284.28,250.1955644,8159.29,8181.16,7917.0,7991.74,31904.36,256.8276735
85,8275.01,8388.85,8203.0,8348.2,27678.74,229.82817319999998,8348.2,8403.0,8090.0,8159.29,30284.28,250.1955644
86,8300.09,8451.37,8160.0,8275.01,25627.0,213.72684109999997,8275.01,8388.85,8203.0,8348.2,27678.74,229.82817319999998
87,8258.5,8400.0,8250.0,8300.09,20013.51,166.6632514,8300.09,8451.37,8160.0,8275.01,25627.0,213.72684109999997
88,8558.03,8779.51,8212.38,8258.5,45745.61,385.17573980000003,8258.5,8400.0,8250.0,8300.09,20013.51,166.6632514
89,8560.74,8644.0,8414.52,8558.03,36145.28,308.4124778,8558.03,8779.51,8212.38,8258.5,45745.61,385.17573980000003
90,8168.39,8670.0,8115.0,8560.74,50082.36,421.07110300000005,8560.74,8644.0,8414.52,8558.03,36145.28,308.4124778
91,8190.09,8325.0,8088.75,8168.39,32771.99,268.70159639999997,8168.39,8670.0,8115.0,8560.74,50082.36,421.07110300000005
92,7854.25,8299.92,7762.0,8190.09,47887.48,386.08959169999997,8190.09,8325.0,8088.75,8168.39,32771.99,268.70159639999997
93,8126.19,8153.87,7785.0,7854.25,31757.23,252.282865,7854.25,8299.92,7762.0,8190.09,47887.48,386.08959169999997
94,8137.13,8183.41,8012.98,8126.19,20640.68,167.0016079,8126.19,8153.87,7785.0,7854.25,31757.23,252.282865
95,8223.96,8232.41,8005.0,8137.13,24696.12,200.851365,8137.13,8183.41,8012.98,8126.19,20640.68,167.0016079
96,8359.94,8393.0,8060.0,8223.96,28207.53,231.58972590000002,8223.96,8232.41,8005.0,8137.13,24696.12,200.851365
97,8292.44,8373.91,8151.22,8359.94,24413.16,201.2376375,8359.94,8393.0,8060.0,8223.96,28207.53,231.58972590000002
98,8289.34,8500.0,8173.05,8292.44,40153.56,335.25226749999996,8292.44,8373.91,8151.22,8359.94,24413.16,201.2376375
99,8043.82,8337.26,7710.0,8289.34,51182.65,411.5172213,8289.34,8500.0,8173.05,8292.44,40153.56,335.25226749999996
100,8198.81,8229.13,7890.0,8043.82,29234.18,235.1059577,8043.82,8337.26,7710.0,8289.34,51182.65,411.5172213
101,8177.91,8315.0,8001.09,8198.81,32066.02,261.0654548,8198.81,8229.13,7890.0,8043.82,29234.18,235.1059577
102,8063.73,8265.0,7852.15,8177.91,40365.1,324.5379586,8177.91,8315.0,8001.09,8198.81,32066.02,261.0654548
103,8430.05,8465.99,7750.0,8063.73,61361.29,499.4785447,8063.73,8265.0,7852.15,8177.91,40365.1,324.5379586
104,8493.14,8730.0,8215.64,8430.05,55315.95,466.35734969999993,8430.05,8465.99,7750.0,8063.73,61361.29,499.4785447
105,9702.25,9794.99,8290.51,8694.23,41725.81,392.1942816,8493.14,8730.0,8215.64,8430.05,55315.95,466.35734969999993
106,10028.87,10049.99,9615.77,9702.25,29213.2,287.64057189999994,9702.25,9794.99,8290.51,8694.23,41725.81,392.1942816
107,9986.39,10089.0,9853.97,10028.87,20301.99,202.6835359,10028.87,10049.99,9615.77,9702.25,29213.2,287.64057189999994
108,10168.59,10176.7,9900.0,9986.39,18952.99,190.0861387,9986.39,10089.0,9853.97,10028.87,20301.99,202.6835359
109,10244.29,10281.0,10061.39,10168.59,23318.96,237.21706690000002,10168.59,10176.7,9900.0,9986.39,18952.99,190.0861387
110,10156.99,10325.0,9653.0,10244.29,41061.71,410.110429,10244.29,10281.0,10061.39,10168.59,23318.96,237.21706690000002
111,10187.82,10258.02,10100.0,10156.99,22586.72,230.0866161,10156.99,10325.0,9653.0,10244.29,41061.71,410.110429
112,10251.31,10275.0,10128.01,10187.82,21294.63,217.408,10187.82,10258.02,10100.0,10156.99,22586.72,230.0866161
113,10302.01,10355.0,10078.0,10251.31,26872.29,274.8738651,10251.31,10275.0,10128.01,10187.82,21294.63,217.408
114,10335.02,10360.0,10252.15,10302.01,17051.39,175.5947826,10302.01,10355.0,10078.0,10251.31,26872.29,274.8738651
115,10342.06,10419.99,10222.33,10335.02,22083.2,228.1668025,10335.02,10360.0,10252.15,10302.01,17051.39,175.5947826
116,10415.01,10439.0,10153.0,10342.06,28070.03,288.9100512,10342.06,10419.99,10222.33,10335.02,22083.2,228.1668025
117,10158.33,10448.81,10040.1,10415.01,32225.25,329.9612146,10415.01,10439.0,10153.0,10342.06,28070.03,288.9100512
118,10098.15,10293.0,9880.0,10158.33,29837.91,300.3377461,10158.33,10448.81,10040.1,10415.01,32225.25,329.9612146
119,10303.12,10384.99,9953.0,10098.15,26992.76,274.7961039,10098.15,10293.0,9880.0,10158.33,29837.91,300.3377461
120,10381.18,10480.0,10068.5,10303.12,37323.98,383.906446,10303.12,10384.99,9953.0,10098.15,26992.76,274.7961039
121,10455.88,10592.5,10208.0,10381.18,22178.93,231.13480040000002,10381.18,10480.0,10068.5,10303.12,37323.98,383.906446
122,10298.73,10558.0,10288.57,10455.88,26197.19,272.82955810000004,10455.88,10592.5,10208.0,10381.18,22178.93,231.13480040000002
123,10564.49,10905.87,10150.0,10298.73,53706.62,569.9239654,10298.73,10558.0,10288.57,10455.88,26197.19,272.82955810000004
124,10567.02,10900.0,10450.0,10564.49,30904.84,326.332027,10564.49,10905.87,10150.0,10298.73,53706.62,569.9239654
125,10615.28,10799.0,10369.89,10567.02,40545.84,427.677459,10567.02,10900.0,10450.0,10564.49,30904.84,326.332027
126,10340.0,10773.0,10272.0,10615.28,43957.34,463.0051163,10615.28,10799.0,10369.89,10567.02,40545.84,427.677459
127,9724.98,10450.0,9712.5,10340.0,41457.04,415.3329369,10340.0,10773.0,10272.0,10615.28,43957.34,463.0051163
128,9587.47,9830.0,9520.0,9724.98,18309.15,176.5849284,9724.98,10450.0,9712.5,10340.0,41457.04,415.3329369
129,9584.54,9684.51,9420.75,9587.47,16193.23,155.1462592,9587.47,9830.0,9520.0,9724.98,18309.15,176.5849284
130,9498.44,9696.0,9350.41,9584.54,25085.2,239.1908668,9584.54,9684.51,9420.75,9587.47,16193.23,155.1462592
131,9721.0,9724.0,9320.0,9498.44,32797.84,311.85190760000006,9498.44,9696.0,9350.41,9584.54,25085.2,239.1908668
132,10185.05,10299.0,9601.01,9721.0,38610.66,385.26133250000004,9721.0,9724.0,9320.0,9498.44,32797.84,311.85190760000006
133,10372.25,10391.08,10051.08,10185.05,26355.67,268.51203039999996,10185.05,10299.0,9601.01,9721.0,38610.66,385.26133250000004
134,10142.69,10604.0,10137.93,10372.25,38361.62,397.7646028,10372.25,10391.08,10051.08,10185.05,26355.67,268.51203039999996
135,10134.35,10333.0,9906.97,10142.69,24434.36,246.59242200000003,10142.69,10604.0,10137.93,10372.25,38361.62,397.7646028
136,10389.55,10419.42,9890.0,10134.35,25769.28,260.54319080000005,10134.35,10333.0,9906.97,10142.69,24434.36,246.59242200000003
137,10099.88,10445.0,10019.79,10389.55,25678.08,263.49257650000004,10389.55,10419.42,9890.0,10134.35,25769.28,260.54319080000005
138,10142.57,10242.0,9762.0,10099.88,31668.02,317.43642880000004,10099.88,10445.0,10019.79,10389.55,25678.08,263.49257650000004
139,10760.51,10804.13,9858.0,10142.57,43781.23,446.4189347,10142.57,10242.0,9762.0,10099.88,31668.02,317.43642880000004
140,10915.54,10949.96,10560.0,10760.51,30436.73,326.67944930000004,10760.51,10804.13,9858.0,10142.57,43781.23,446.4189347
141,10306.78,10930.0,10258.6,10915.54,34691.43,369.0610801,10915.54,10949.96,10560.0,10760.51,30436.73,326.67944930000004
142,10216.02,10500.0,10080.0,10306.78,22747.35,234.69261,10306.78,10930.0,10258.6,10915.54,34691.43,369.0610801
143,10331.54,10465.14,10000.0,10216.02,26833.97,275.590038,10216.02,10500.0,10080.0,10306.78,22747.35,234.69261
144,10293.93,10536.03,9750.0,10331.54,47471.23,483.6080424,10331.54,10465.14,10000.0,10216.02,26833.97,275.590038
145,10050.37,10460.0,9911.0,10293.93,34725.11,352.5887293,10293.93,10536.03,9750.0,10331.54,47471.23,483.6080424
146,10892.71,10897.48,9928.1,10050.37,49924.64,520.5848963999999,10050.37,10460.0,9911.0,10293.93,34725.11,352.5887293
147,11396.08,11456.16,10788.45,10892.71,30701.79,340.94658060000006,10892.71,10897.48,9928.1,10050.37,49924.64,520.5848963999999
148,11549.97,11577.89,11235.32,11396.08,16354.98,186.50261609999998,11396.08,11456.16,10788.45,10892.71,30701.79,340.94658060000006
149,11309.31,11599.98,11112.11,11549.97,24863.2,283.14595860000003,11549.97,11577.89,11235.32,11396.08,16354.98,186.50261609999998
150,11879.99,11985.0,11270.0,11309.31,39142.5,451.95065430000005,11309.31,11599.98,11112.11,11549.97,24863.2,283.14595860000003
151,11999.77,12045.68,11700.0,11879.99,36781.9,435.6916802,11879.99,11985.0,11270.0,11309.31,39142.5,451.95065430000005
152,11975.03,12060.0,11521.0,11999.77,47773.39,563.8806942000001,11999.77,12045.68,11700.0,11879.99,36781.9,435.6916802
153,11481.69,12141.17,11382.84,11975.03,63842.27,751.7572812000001,11975.03,12060.0,11521.0,11999.77,47773.39,563.8806942000001
154,11828.8,12330.7,11226.7,11481.69,69745.18,822.1001442,11481.69,12141.17,11382.84,11975.03,63842.27,751.7572812000001
155,10929.23,11937.52,10927.8,11828.8,59656.47,694.0276488,11828.8,12330.7,11226.7,11481.69,69745.18,822.1001442
156,10816.86,11040.0,10552.0,10929.23,36994.61,400.09918230000005,10929.23,11937.52,10927.8,11828.8,59656.47,694.0276488
157,10523.75,10904.77,10497.93,10816.86,31480.04,338.86335360000004,10816.86,11040.0,10552.0,10929.23,36994.61,400.09918230000005
158,10374.99,10670.0,10281.35,10523.75,39435.04,413.10511230000003,10523.75,10904.77,10497.93,10816.86,31480.04,338.86335360000004
159,10080.53,10467.86,9863.46,10374.99,38427.59,388.7294015,10374.99,10670.0,10281.35,10523.75,39435.04,413.10511230000003
160,9574.21,10109.8,9555.0,10080.53,36698.32,361.864379,10080.53,10467.86,9863.46,10374.99,38427.59,388.7294015
161,9507.64,9714.28,9402.0,9574.21,30751.86,293.80069449999996,9574.21,10109.8,9555.0,10080.53,36698.32,361.864379
162,9541.54,9729.0,9395.0,9507.64,26899.31,257.21387269999997,9507.64,9714.28,9402.0,9574.21,30751.86,293.80069449999996
163,9476.52,9594.99,9165.0,9541.54,27370.91,259.3582472,9541.54,9729.0,9395.0,9507.64,26899.31,257.21387269999997
164,9824.0,10188.66,9333.0,9476.52,32649.21,318.0248375,9476.52,9594.99,9165.0,9541.54,27370.91,259.3582472
165,9879.87,9889.98,9637.0,9824.0,19683.49,192.0229284,9824.0,10188.66,9333.0,9476.52,32649.21,318.0248375
166,9763.28,10175.0,9720.03,9879.87,35044.58,350.6575958,9879.87,9889.98,9637.0,9824.0,19683.49,192.0229284
167,9864.91,9937.0,9525.0,9763.28,40201.05,390.7173912,9763.28,10175.0,9720.03,9879.87,35044.58,350.6575958
168,10340.31,10343.97,9822.0,9864.91,43700.7,439.07534239999995,9864.91,9937.0,9525.0,9763.28,40201.05,390.7173912
169,10589.45,10683.16,10100.0,10340.31,37396.36,389.1485278,10340.31,10343.97,9822.0,9864.91,43700.7,439.07534239999995
170,10740.23,10817.9,10288.0,10589.45,35913.86,378.8822776,10589.45,10683.16,10100.0,10340.31,37396.36,389.1485278
171,10504.29,11068.99,10350.0,10740.23,43505.28,464.6140404,10740.23,10817.9,10288.0,10589.45,35913.86,378.8822776
172,10627.16,10769.71,10121.84,10504.29,51296.32,535.1931556,10504.29,11068.99,10350.0,10740.23,43505.28,464.6140404
173,9667.92,10788.0,9252.0,10627.16,72758.54,731.9975921,10627.16,10769.71,10121.84,10504.29,51296.32,535.1931556
174,9439.59,9957.0,9060.0,9667.92,76851.7,732.4859757,9667.92,10788.0,9252.0,10627.16,72758.54,731.9975921
175,10838.72,11028.0,9350.01,9439.59,87204.22,881.8569385,9439.59,9957.0,9060.0,9667.92,76851.7,732.4859757
176,10174.18,11100.0,9860.0,10838.72,74379.9,772.5955318,10838.72,11028.0,9350.01,9439.59,87204.22,881.8569385
177,11355.76,11452.0,10103.0,10174.18,65592.98,703.5806723999999,10174.18,11100.0,9860.0,10838.72,74379.9,772.5955318
178,11757.22,11799.98,10830.0,11355.76,49185.81,556.9342157000001,11355.76,11452.0,10103.0,10174.18,65592.98,703.5806723999999
179,11342.89,11885.0,11073.0,11757.22,51706.88,596.600067,11757.22,11799.98,10830.0,11355.76,49185.81,556.9342157000001
180,12108.37,12111.73,11000.0,11342.89,79149.22,911.2705914,11342.89,11885.0,11073.0,11757.22,51706.88,596.600067
181,12543.41,13147.08,11569.0,12108.37,98461.1,1234.817289,12108.37,12111.73,11000.0,11342.89,79149.22,911.2705914
182,12238.6,12794.73,12068.0,12543.41,71968.89,895.3850001000001,12543.41,13147.08,11569.0,12108.37,98461.1,1234.817289
183,11406.24,12338.03,11220.0,12238.6,47820.5,566.7408121,12238.6,12794.73,12068.0,12543.41,71968.89,895.3850001000001
184,11256.49,11538.0,11094.37,11406.24,36004.78,406.877786,11406.24,12338.03,11220.0,12238.6,47820.5,566.7408121
185,10970.73,11665.0,10964.51,11256.49,47363.72,538.3408796,11256.49,11538.0,11094.37,11406.24,36004.78,406.877786
186,11145.67,11406.83,10796.44,10970.73,58437.08,649.273951,10970.73,11665.0,10964.51,11256.49,47363.72,538.3408796
187,11940.0,12000.0,11055.0,11145.67,60649.46,707.6641524,11145.67,11406.83,10796.44,10970.73,58437.08,649.273951
188,10842.85,11991.89,10841.04,11940.0,87772.38,995.1935437999999,11940.0,12000.0,11055.0,11145.67,60649.46,707.6641524
189,10624.93,10938.75,9727.0,10842.85,99213.02,1021.975623,10842.85,11991.89,10841.04,11940.0,87772.38,995.1935437999999
190,10854.1,11282.28,10030.0,10624.93,82471.39,881.8757669,10624.93,10938.75,9727.0,10842.85,99213.02,1021.975623
191,11903.13,12180.0,10766.03,10854.1,77205.72,887.5717796,10854.1,11282.28,10030.0,10624.93,82471.39,881.8757669
192,12400.63,12441.54,11475.02,11903.13,63232.82,752.7242432,11903.13,12180.0,10766.03,10854.1,77205.72,887.5717796
193,11329.99,12480.0,10982.88,12400.63,86558.62,1020.8207769999999,12400.63,12441.54,11475.02,11903.13,63232.82,752.7242432
194,13299.99,13347.99,10525.1,11329.99,138662.72,1622.958316,11329.99,12480.0,10982.88,12400.63,86558.62,1020.8207769999999
195,11820.86,13964.74,11741.0,12666.45,99314.94,1273.660223,13299.99,13347.99,10525.1,11329.99,138662.72,1622.958316
196,11056.59,11850.0,11026.0,11820.86,56154.67,639.4048556,11820.86,13964.74,11741.0,12666.45,99314.94,1273.660223
197,10906.07,11143.63,10620.8,11056.59,39940.55,435.34022419999997,11056.59,11850.0,11026.0,11820.86,56154.67,639.4048556
198,10729.5,11392.64,10555.18,10906.07,52581.13,572.2201909,10906.07,11143.63,10620.8,11056.59,39940.55,435.34022419999997
199,10159.86,11160.0,9921.72,10729.5,94759.31,1011.4818050000001,10729.5,11392.64,10555.18,10906.07,52581.13,572.2201909
200,9517.12,10174.99,9517.12,10159.86,46590.64,456.5860052,10159.86,11160.0,9921.72,10729.5,94759.31,1011.4818050000001
201,9255.49,9590.0,9175.2,9517.12,32120.0,300.77368210000003,9517.12,10174.99,9517.12,10159.86,46590.64,456.5860052
202,9081.55,9304.0,8960.0,9255.49,29859.81,272.8966763,9255.49,9590.0,9175.2,9517.12,32120.0,300.77368210000003
203,9313.96,9336.36,8950.0,9081.55,48158.99,439.3531221,9081.55,9304.0,8960.0,9255.49,29859.81,272.8966763
204,8953.33,9444.0,8950.0,9313.96,44294.61,408.34717689999997,9313.96,9336.36,8950.0,9081.55,48158.99,439.3531221
205,8808.7,9333.0,8760.0,8953.33,57848.65,524.8606297,8953.33,9444.0,8950.0,9313.96,44294.61,408.34717689999997
206,8650.0,8864.99,8567.63,8808.7,29573.08,257.1055099,8808.7,9333.0,8760.0,8953.33,57848.65,524.8606297
207,8218.54,8684.41,8144.32,8650.0,36987.67,309.5912861,8650.0,8864.99,8567.63,8808.7,29573.08,257.1055099
208,8127.64,8309.82,8010.03,8218.54,28621.28,233.3468704,8218.54,8684.41,8144.32,8650.0,36987.67,309.5912861
209,7884.9,8200.0,7788.99,8127.64,38855.34,311.2724903,8127.64,8309.82,8010.03,8218.54,28621.28,233.3468704
210,7982.75,8010.0,7692.23,7884.9,28578.92,224.26542310000002,7884.9,8200.0,7788.99,8127.64,38855.34,311.2724903
211,7628.13,8020.0,7511.0,7982.75,34292.0,267.8627149,7982.75,8010.0,7692.23,7884.9,28578.92,224.26542310000002
212,7893.62,7935.0,7506.66,7628.13,29536.44,228.30316299999998,7628.13,8020.0,7511.0,7982.75,34292.0,267.8627149
213,7980.53,8044.65,7751.0,7893.62,21204.89,167.5821987,7893.62,7935.0,7506.66,7628.13,29536.44,228.30316299999998
214,7786.7,8100.0,7737.49,7980.53,31779.24,251.9664449,7980.53,8044.65,7751.0,7893.62,21204.89,167.5821987
215,7776.5,7868.13,7444.58,7786.7,34197.03,263.49265440000005,7786.7,8100.0,7737.49,7980.53,31779.24,251.9664449
216,7687.03,7896.7,7572.78,7776.5,45638.79,354.0600835,7776.5,7868.13,7444.58,7786.7,34197.03,263.49265440000005
217,8115.82,8115.82,7481.02,7687.03,68681.2,539.3487562000001,7687.03,7896.7,7572.78,7776.5,45638.79,354.0600835
218,8725.98,8800.95,8080.8,8115.82,41950.41,355.526981,8115.82,8115.82,7481.02,7687.03,68681.2,539.3487562000001
219,8544.07,8814.78,8524.0,8725.98,26036.64,225.80490240000003,8725.98,8800.95,8080.8,8115.82,41950.41,355.526981
220,8555.0,8626.0,8442.36,8544.07,29819.78,254.60793340000004,8544.07,8814.78,8524.0,8725.98,26036.64,225.80490240000003
221,8269.54,8594.0,8108.5,8555.0,42002.51,350.8653264,8555.0,8626.0,8442.36,8544.07,29819.78,254.60793340000004
222,8645.68,9074.26,8005.0,8269.54,64399.1,552.1474466,8269.54,8594.0,8108.5,8555.0,42002.51,350.8653264
223,8715.64,8750.0,8406.6,8645.68,31678.55,273.1540834,8645.68,9074.26,8005.0,8269.54,64399.1,552.1474466
224,8756.32,8798.49,8510.63,8715.64,29271.88,254.6930839,8715.64,8750.0,8406.6,8645.68,31678.55,273.1540834
225,8614.43,8908.32,8589.0,8756.32,48130.74,419.8752652,8756.32,8798.49,8510.63,8715.64,29271.88,254.6930839
226,8025.41,8740.0,7833.42,8614.43,45563.09,375.7479267,8614.43,8908.32,8589.0,8756.32,48130.74,419.8752652
227,7964.87,8091.8,7908.34,8025.41,26723.83,213.8479464,8025.41,8740.0,7833.42,8614.43,45563.09,375.7479267
228,7851.51,8130.0,7766.0,7964.87,43030.86,342.4246839,7964.87,8091.8,7908.34,8025.41,26723.83,213.8479464
229,7628.43,7940.98,7461.0,7851.51,45812.94,352.0675876,7851.51,8130.0,7766.0,7964.87,43030.86,342.4246839
230,7904.87,8016.0,7465.0,7628.43,44932.03,351.89491339999995,7628.43,7940.98,7461.0,7851.51,45812.94,352.0675876
231,7938.15,8042.32,7771.0,7904.87,48176.42,381.0159327,7904.87,8016.0,7465.0,7628.43,44932.03,351.89491339999995
232,8148.48,8156.03,7553.0,7938.15,60143.13,472.9895404,7938.15,8042.32,7771.0,7904.87,48176.42,381.0159327
233,7257.45,8275.09,7243.08,8148.48,60083.99,474.42984,8148.48,8156.03,7553.0,7938.15,60143.13,472.9895404
234,7355.26,7458.0,7156.61,7257.45,34487.27,252.36765150000002,7257.45,8275.09,7243.08,8148.48,60083.99,474.42984
235,7866.59,7925.0,6913.0,7355.26,79962.44,581.7546093999999,7355.26,7458.0,7156.61,7257.45,34487.27,252.36765150000002
236,8169.87,8320.0,7705.0,7866.59,63794.9,510.4079431,7866.59,7925.0,6913.0,7355.26,79962.44,581.7546093999999
237,7947.56,8249.0,7850.0,8169.87,34731.71,279.7838747,8169.87,8320.0,7705.0,7866.59,63794.9,510.4079431
238,7790.71,8366.0,7599.56,7947.56,70462.03,562.2511877999999,7947.56,8249.0,7850.0,8169.87,34731.71,279.7838747
239,6967.31,8100.0,6870.0,7790.71,77581.62,585.4570132,7790.71,8366.0,7599.56,7947.56,70462.03,562.2511877999999
240,7076.22,7521.78,6750.0,6967.31,78631.74,560.6940995,6967.31,8100.0,6870.0,7790.71,77581.62,585.4570132
241,6373.33,7343.99,6372.85,7076.22,67682.9,463.6213153,7076.22,7521.78,6750.0,6967.31,78631.74,560.6940995
242,6209.18,6468.92,6172.0,6373.33,34420.48,217.8536326,6373.33,7343.99,6372.85,7076.22,67682.9,463.6213153
243,5987.29,6224.55,5983.71,6209.18,26099.02,159.23203859999998,6209.18,6468.92,6172.0,6373.33,34420.48,217.8536326
244,5846.34,6014.72,5772.2,5987.29,21715.92,128.2463286,5987.29,6224.55,5983.71,6209.18,26099.02,159.23203859999998
245,5747.79,5988.0,5747.74,5962.16,16169.61,95.54420342,5846.34,6014.72,5772.2,5987.29,21715.92,128.2463286
246,5775.62,5805.0,5619.14,5747.79,23734.53,135.669094,5747.79,5988.0,5747.74,5962.16,16169.61,95.54420342
247,5829.45,5839.9,5696.0,5775.62,22600.15,130.5932169,5775.62,5805.0,5619.14,5747.79,23734.53,135.669094
248,5772.69,5900.0,5587.45,5829.45,37187.2,214.56852569999998,5829.45,5839.9,5696.0,5775.62,22600.15,130.5932169
249,5492.87,5844.0,5477.57,5772.69,42758.75,244.1993611,5772.69,5900.0,5587.45,5829.45,37187.2,214.56852569999998
250,5383.2,5538.0,5370.0,5492.87,21609.98,118.0220348,5492.87,5844.0,5477.57,5772.69,42758.75,244.1993611
251,5320.81,5402.0,5316.2,5383.2,16414.57,87.89493998,5383.2,5538.0,5370.0,5492.87,21609.98,118.0220348
252,5238.14,5339.98,5192.15,5320.81,21159.12,111.61604059999999,5320.81,5402.0,5316.2,5383.2,16414.57,87.89493998
253,5307.52,5332.0,5178.8,5238.14,18749.14,98.67758722,5238.14,5339.98,5192.15,5320.81,21159.12,111.61604059999999
254,5295.69,5340.0,5259.48,5307.52,13696.93,72.69884621,5307.52,5332.0,5178.8,5238.14,18749.14,98.67758722
255,5314.1,5342.5,5257.67,5295.69,14797.5,78.43387876,5295.69,5340.0,5259.48,5307.52,13696.93,72.69884621
256,5219.9,5510.0,5161.62,5314.1,45512.58,241.5991438,5314.1,5342.5,5257.67,5295.69,14797.5,78.43387876
257,5415.0,5491.84,5102.0,5219.9,46048.68,246.0801142,5219.9,5510.0,5161.62,5314.1,45512.58,241.5991438
258,5493.31,5582.2,5333.35,5415.0,44561.97,242.56352809999998,5415.0,5491.84,5102.0,5219.9,46048.68,246.0801142
259,5357.14,5600.0,5332.41,5493.31,38259.59,210.61171710000002,5493.31,5582.2,5333.35,5415.0,44561.97,242.56352809999998
260,5256.14,5400.0,5208.35,5357.14,27894.99,147.77580769999997,5357.14,5600.0,5332.41,5493.31,38259.59,210.61171710000002
261,5291.73,5314.35,5165.0,5256.14,23874.51,125.16401450000001,5256.14,5400.0,5208.35,5357.14,27894.99,147.77580769999997
262,5258.68,5333.42,5230.1,5291.73,18295.89,96.72848031,5291.73,5314.35,5165.0,5256.14,23874.51,125.16401450000001
263,5258.44,5320.0,5175.0,5258.68,23278.77,121.95499369999999,5258.68,5333.42,5230.1,5291.73,18295.89,96.72848031
264,5202.82,5287.0,5198.8,5258.44,21480.81,112.60395530000001,5258.44,5320.0,5175.0,5258.68,23278.77,121.95499369999999
265,5173.72,5230.4,5146.8,5202.82,21987.23,114.1188506,5202.82,5287.0,5198.8,5258.44,21480.81,112.60395530000001
266,5024.95,5197.72,5003.94,5173.72,22808.7,116.2552085,5173.72,5230.4,5146.8,5202.82,21987.23,114.1188506
267,5131.3,5167.38,4950.0,5024.95,27252.83,138.54587619999998,5024.95,5197.72,5003.94,5173.72,22808.7,116.2552085
268,5045.22,5152.99,5000.0,5131.3,17426.87,88.26047074,5131.3,5167.38,4950.0,5024.95,27252.83,138.54587619999998
269,5048.01,5099.0,5004.0,5045.22,16562.14,83.68665362,5045.22,5152.99,5000.0,5131.3,17426.87,88.26047074
270,5017.37,5080.58,4861.22,5048.01,31219.92,156.21076409999998,5048.01,5099.0,5004.0,5045.22,16562.14,83.68665362
271,5308.25,5332.67,4927.0,5017.37,50271.11,255.2697897,5017.37,5080.58,4861.22,5048.01,31219.92,156.21076409999998
272,5150.0,5422.0,5135.0,5308.25,37063.21,194.99119,5308.25,5332.67,4927.0,5017.37,50271.11,255.2697897
273,5236.9,5238.4,5076.68,5150.0,31781.31,163.85765940000002,5150.0,5422.0,5135.0,5308.25,37063.21,194.99119
274,5170.27,5305.0,5039.0,5236.9,46325.63,240.50278840000001,5236.9,5238.4,5076.68,5150.0,31781.31,163.85765940000002
275,5043.89,5234.0,5026.0,5170.27,35027.71,179.6365643,5170.27,5305.0,5039.0,5236.9,46325.63,240.50278840000001
276,5004.95,5205.0,4928.59,5043.89,38455.22,194.17587350000002,5043.89,5234.0,5026.0,5170.27,35027.71,179.6365643
277,4898.66,5028.22,4880.62,5004.95,37248.36,185.13124109999998,5004.95,5205.0,4928.59,5043.89,38455.22,194.17587350000002
278,4932.6,5039.08,4777.0,4898.66,56271.11,277.8080624,4898.66,5028.22,4880.62,5004.95,37248.36,185.13124109999998
279,4857.29,5275.01,4753.5,4932.6,98509.76,492.096758,4932.6,5039.08,4777.0,4898.66,56271.11,277.8080624
280,4144.56,4897.99,4140.54,4857.29,94625.11,439.05706299999997,4857.29,5275.01,4753.5,4932.6,98509.76,492.096758
281,4103.95,4158.7,4067.0,4144.56,23934.61,98.89738291,4144.56,4897.99,4140.54,4857.29,94625.11,439.05706299999997
282,3987.81,4002.99,3983.14,3998.9,943.68,3.77027168,4103.95,4158.7,4067.0,4144.56,23934.61,98.89738291
283,3981.14,4037.0,3953.33,3987.81,21381.83,85.24969491,3987.81,4002.99,3983.14,3998.9,943.68,3.77027168
284,4005.98,4012.0,3950.01,3981.14,18102.89,72.06301954,3981.14,4037.0,3953.33,3987.81,21381.83,85.24969491
285,3923.76,4056.98,3921.98,4005.98,26886.25,107.4976186,4005.98,4012.0,3950.01,3981.14,18102.89,72.06301954
286,3877.12,3939.22,3872.2,3923.76,20766.29,81.11489134,3923.76,4056.98,3921.98,4005.98,26886.25,107.4976186
287,3866.0,3920.0,3810.43,3877.12,25316.25,97.96953878,3877.12,3939.22,3872.2,3923.76,20766.29,81.11489134
288,3882.73,3893.56,3840.0,3866.0,23349.97,90.38173659,3866.0,3920.0,3810.43,3877.12,25316.25,97.96953878
289,3871.61,3905.2,3826.06,3882.73,25517.64,98.9542974,3882.73,3893.56,3840.0,3866.0,23349.97,90.38173659
290,3916.82,3936.98,3830.0,3871.61,35945.48,139.4884379,3871.61,3905.2,3826.06,3882.73,25517.64,98.9542974
291,3943.04,3943.43,3881.69,3916.82,22134.42,86.57568794,3916.82,3936.98,3830.0,3871.61,35945.48,139.4884379
292,3864.89,3971.75,3854.75,3943.04,29345.08,114.94245459999999,3943.04,3943.43,3881.69,3916.82,22134.42,86.57568794
293,3873.64,3932.0,3800.0,3864.89,32646.03,126.9076483,3864.89,3971.75,3854.75,3943.04,29345.08,114.94245459999999
294,3861.84,3905.4,3840.4,3873.64,25223.89,97.8130421,3873.64,3932.0,3800.0,3864.89,32646.03,126.9076483
295,3857.73,3907.0,3813.09,3861.84,23217.87,89.40789827,3861.84,3905.4,3840.4,3873.64,25223.89,97.8130421
296,3715.3,3877.1,3703.55,3857.73,30814.57,116.7877303,3857.73,3907.0,3813.09,3861.84,23217.87,89.40789827
297,3807.75,3830.0,3670.69,3715.3,32609.38,121.7802388,3715.3,3877.1,3703.55,3857.73,30814.57,116.7877303
298,3819.93,3835.0,3781.32,3807.75,15984.76,60.99555762,3807.75,3830.0,3670.69,3715.3,32609.38,121.7802388
299,3823.0,3841.31,3772.25,3819.93,18494.08,70.54832953,3819.93,3835.0,3781.32,3807.75,15984.76,60.99555762
300,3813.69,3857.0,3813.01,3823.0,22279.3,85.41929259,3823.0,3841.31,3772.25,3819.93,18494.08,70.54832953
301,3818.07,3888.0,3763.87,3813.69,30671.7,117.45904469999999,3813.69,3857.0,3813.01,3823.0,22279.3,85.41929259
302,3809.23,3838.85,3677.17,3818.07,29414.85,111.68775559999999,3818.07,3888.0,3763.87,3813.69,30671.7,117.45904469999999
303,3827.92,3841.51,3777.0,3809.23,27290.26,104.0349201,3809.23,3838.85,3677.17,3818.07,29414.85,111.68775559999999
304,3743.56,3872.66,3740.0,3827.92,36041.94,137.42751719999998,3827.92,3841.51,3777.0,3809.23,27290.26,104.0349201
305,4117.76,4198.0,3712.66,3743.56,57263.85,224.88371980000002,3743.56,3872.66,3740.0,3827.92,36041.94,137.42751719999998
306,3962.0,4162.02,3933.15,4117.76,31093.41,125.40135330000001,4117.76,4198.0,3712.66,3743.56,57263.85,224.88371980000002
307,3937.31,3988.0,3926.65,3962.0,22768.18,90.09105539,3962.0,4162.02,3933.15,4117.76,31093.41,125.40135330000001
308,3969.74,4016.48,3901.03,3937.31,29171.27,115.0836452,3937.31,3988.0,3926.65,3962.0,22768.18,90.09105539
309,3907.79,3986.98,3870.66,3969.74,34310.79,135.108358,3969.74,4016.48,3901.03,3937.31,29171.27,115.0836452
310,3898.6,3994.52,3856.0,3907.79,46824.36,183.80767880000002,3907.79,3986.98,3870.66,3969.74,34310.79,135.108358
311,3667.58,3925.0,3655.0,3898.6,59288.85,224.8528102,3898.6,3994.52,3856.0,3907.79,46824.36,183.80767880000002
312,3618.41,3700.11,3604.4,3667.58,24263.28,88.22896453,3667.58,3925.0,3655.0,3898.6,59288.85,224.8528102
313,3602.47,3648.18,3597.91,3618.41,18663.59,67.62393131,3618.41,3700.11,3604.4,3667.58,24263.28,88.22896453
314,3590.56,3653.23,3573.45,3602.47,19769.69,71.30022362,3602.47,3648.18,3597.91,3618.41,18663.59,67.62393131
315,3609.4,3626.4,3568.11,3590.56,20761.21,74.79437044,3590.56,3653.23,3573.45,3602.47,19769.69,71.30022362
316,3631.46,3670.0,3591.75,3609.4,24611.21,89.1390625,3609.4,3626.4,3568.11,3590.56,20761.21,74.79437044
317,3631.05,3667.6,3582.34,3631.46,27762.12,100.5487878,3631.46,3670.0,3591.75,3609.4,24611.21,89.1390625
318,3680.06,3684.9,3615.53,3631.05,23745.31,86.33397126,3631.05,3667.6,3582.34,3631.46,27762.12,100.5487878
319,3665.18,3684.99,3609.76,3680.06,22082.81,80.44293134,3680.06,3684.9,3615.53,3631.05,23745.31,86.33397126
320,3659.04,3680.02,3625.13,3665.18,23735.25,86.74352143,3665.18,3684.99,3609.76,3680.06,22082.81,80.44293134
321,3398.4,3733.58,3373.1,3659.04,42214.12,149.9077606,3659.04,3680.02,3625.13,3665.18,23735.25,86.74352143
322,3405.37,3426.45,3390.0,3398.4,17480.03,59.57123869,3398.4,3733.58,3373.1,3659.04,42214.12,149.9077606
323,3471.59,3482.72,3380.0,3405.37,31770.65,108.42810700000001,3405.37,3426.45,3390.0,3398.4,17480.03,59.57123869
324,3463.22,3478.97,3448.43,3471.59,23887.57,82.72383665,3471.59,3482.72,3380.0,3405.37,31770.65,108.42810700000001
325,3458.11,3484.88,3433.31,3463.22,22042.4,76.2545978,3463.22,3478.97,3448.43,3471.59,23887.57,82.72383665
326,3504.77,3511.09,3426.0,3458.11,18877.23,65.37652431,3458.11,3484.88,3433.31,3463.22,22042.4,76.2545978
327,3462.07,3526.4,3440.29,3504.77,16992.58,58.91131657,3504.77,3511.09,3426.0,3458.11,18877.23,65.37652431
328,3434.1,3488.0,3401.2,3462.07,23916.44,82.44616333,3462.07,3526.4,3440.29,3504.77,16992.58,58.91131657
329,3458.18,3489.2,3418.8,3434.1,27928.55,96.15244961,3434.1,3488.0,3401.2,3462.07,23916.44,82.44616333
330,3411.04,3478.0,3387.1,3458.18,22692.88,78.12580613,3458.18,3489.2,3418.8,3434.1,27928.55,96.15244961
331,3434.15,3443.45,3349.92,3411.04,27562.68,93.81398841,3411.04,3478.0,3387.1,3458.18,22692.88,78.12580613
332,3550.84,3557.75,3381.5,3434.15,37359.71,128.7875693,3434.15,3443.45,3349.92,3411.04,27562.68,93.81398841
333,3565.25,3579.0,3486.0,3550.84,20433.19,72.61367669,3550.84,3557.75,3381.5,3434.15,37359.71,128.7875693
334,3565.29,3662.94,3545.0,3565.25,17673.42,63.34444471,3565.25,3579.0,3486.0,3550.84,20433.19,72.61367669
335,3569.62,3587.15,3522.51,3565.29,16546.4,58.86493878,3565.29,3662.94,3545.0,3565.25,17673.42,63.34444471
336,3552.82,3589.0,3529.22,3569.62,19692.71,70.00629601,3569.62,3587.15,3522.51,3565.29,16546.4,58.86493878
337,3570.93,3607.98,3514.5,3552.82,23071.74,82.16537155,3552.82,3589.0,3529.22,3569.62,19692.71,70.00629601
338,3526.9,3608.5,3446.69,3570.93,25231.55,89.3954374,3570.93,3607.98,3514.5,3552.82,23071.74,82.16537155
339,3539.28,3559.51,3485.04,3526.9,18434.38,65.05962645,3526.9,3608.5,3446.69,3570.93,25231.55,89.3954374
340,3665.3,3693.73,3475.0,3539.28,23551.29,84.25122623,3539.28,3559.51,3485.04,3526.9,18434.38,65.05962645
341,3594.87,3720.0,3594.23,3665.3,18624.79,68.29303266,3665.3,3693.73,3475.0,3539.28,23551.29,84.25122623
342,3616.21,3619.99,3565.75,3594.87,21672.42,77.95659566,3594.87,3720.0,3594.23,3665.3,18624.79,68.29303266
343,3591.84,3634.7,3533.44,3616.21,27614.97,99.04175272,3616.21,3619.99,3565.75,3594.87,21672.42,77.95659566
344,3553.06,3645.0,3543.51,3591.84,25757.79,92.32427078,3591.84,3634.7,3533.44,3616.21,27614.97,99.04175272
345,3626.09,3648.42,3518.44,3553.06,30770.45,110.72120819999999,3553.06,3645.0,3543.51,3591.84,25757.79,92.32427078
346,3476.81,3671.87,3467.02,3626.09,31190.38,111.11612920000002,3626.09,3648.42,3518.44,3553.06,30770.45,110.72120819999999
347,3583.13,3611.1,3444.28,3476.81,22754.41,80.13087579,3476.81,3671.87,3467.02,3626.09,31190.38,111.11612920000002
348,3601.31,3618.19,3531.06,3583.13,20541.52,73.68907367,3583.13,3611.1,3444.28,3476.81,22754.41,80.13087579
349,3585.88,3658.0,3526.98,3601.31,34260.22,123.0446764,3601.31,3618.19,3531.06,3583.13,20541.52,73.68907367
350,3966.65,3996.01,3540.0,3585.88,47895.41,178.75613090000002,3585.88,3658.0,3526.98,3601.31,34260.22,123.0446764
351,3955.13,4006.81,3930.04,3966.65,27503.63,109.3150549,3966.65,3996.01,3540.0,3585.88,47895.41,178.75613090000002
352,3975.45,4067.66,3922.0,3955.13,34365.46,136.73793909999998,3955.13,4006.81,3930.04,3966.65,27503.63,109.3150549
353,3987.6,4017.9,3921.53,3975.45,29452.09,117.2212837,3975.45,4067.66,3922.0,3955.13,34365.46,136.73793909999998
354,3770.96,4027.71,3740.0,3987.6,32566.9,126.5938897,3987.6,4017.9,3921.53,3975.45,29452.09,117.2212837
355,3792.01,3840.99,3751.0,3770.96,28675.53,108.99330590000001,3770.96,4027.71,3740.0,3987.6,32566.9,126.5938897
356,3766.78,3823.64,3703.57,3792.01,27721.3,104.281819,3792.01,3840.99,3751.0,3770.96,28675.53,108.99330590000001
357,3858.56,3862.74,3730.0,3766.78,27461.97,104.29317979999999,3766.78,3823.64,3703.57,3792.01,27721.3,104.281819
358,3797.14,3882.14,3750.45,3858.56,33035.13,125.78195290000001,3858.56,3862.74,3730.0,3766.78,27461.97,104.29317979999999
359,3702.9,3810.16,3642.0,3797.14,22043.98,81.81800259,3797.14,3882.14,3750.45,3858.56,33035.13,125.78195290000001
360,3801.91,3810.0,3637.78,3702.9,27000.0,100.76378670000001,3702.9,3810.16,3642.0,3797.14,22043.98,81.81800259
361,3695.32,3903.5,3657.9,3801.91,30282.17,113.87364850000002,3801.91,3810.0,3637.78,3702.9,27000.0,100.76378670000001
362,3839.26,3892.0,3670.0,3695.32,34488.38,131.6346418,3695.32,3903.5,3657.9,3801.91,30282.17,113.87364850000002
363,3567.91,3887.25,3540.04,3839.26,40839.17,151.40661699999998,3839.26,3892.0,3670.0,3695.32,34488.38,131.6346418
364,3777.74,3813.98,3535.0,3567.91,40266.32,147.9432179,3567.91,3887.25,3540.04,3839.26,40839.17,151.40661699999998
365,3745.79,3837.15,3656.74,3777.74,39961.75,149.7324597,3777.74,3813.98,3535.0,3567.91,40266.32,147.9432179
366,4008.01,4020.0,3646.41,3745.79,56383.4,211.66533289999998,3745.79,3837.15,3656.74,3777.74,39961.75,149.7324597
367,3929.71,4198.0,3924.83,4008.01,58403.15,239.12883760000003,4008.01,4020.0,3646.41,3745.79,56383.4,211.66533289999998
368,3948.91,4021.53,3870.0,3929.71,37881.01,149.90940659999998,3929.71,4198.0,3924.83,4008.01,58403.15,239.12883760000003
369,3838.66,3979.0,3785.0,3948.91,40231.99,155.0733296,3948.91,4021.53,3870.0,3929.71,37881.01,149.90940659999998
370,4049.62,4139.99,3764.0,3838.66,75158.54,297.4145848,3838.66,3979.0,3785.0,3948.91,40231.99,155.0733296
371,3662.22,4120.0,3635.0,4049.62,89802.98,353.5222645,4049.62,4139.99,3764.0,3838.66,75158.54,297.4145848
372,3652.98,3912.73,3622.55,3662.22,85810.88,321.3525536,3662.22,4120.0,3635.0,4049.62,89802.98,353.5222645
373,3509.08,3678.59,3424.47,3652.98,56798.2,200.35977319999998,3652.98,3912.73,3622.55,3662.22,85810.88,321.3525536
374,3228.67,3585.0,3216.0,3509.08,59026.9,202.2350819,3509.08,3678.59,3424.47,3652.98,56798.2,200.35977319999998
375,3211.72,3294.0,3186.0,3228.67,23376.74,76.00172318,3228.67,3585.0,3216.0,3509.08,59026.9,202.2350819
376,3224.17,3276.5,3156.26,3211.72,28287.18,90.7535037,3211.72,3294.0,3186.0,3228.67,23376.74,76.00172318
377,3302.06,3335.0,3177.0,3224.17,40946.18,133.5644594,3224.17,3276.5,3156.26,3211.72,28287.18,90.7535037
378,3445.0,3460.0,3255.5,3302.06,37471.7,126.20944250000001,3302.06,3335.0,3177.0,3224.17,40946.18,133.5644594
379,3380.39,3492.0,3350.0,3445.0,31471.86,107.8230277,3445.0,3460.0,3255.5,3302.06,37471.7,126.20944250000001
380,3432.88,3463.5,3324.32,3389.69,33394.16,113.2640689,3380.39,3492.0,3350.0,3445.0,31471.86,107.8230277
381,3545.37,3610.0,3370.11,3432.88,37581.44,130.69136070000002,3432.88,3463.5,3324.32,3389.69,33394.16,113.2640689
382,3410.93,3658.0,3394.04,3545.37,41424.25,145.60707480000002,3545.37,3610.0,3370.11,3432.88,37581.44,130.69136070000002
383,3403.55,3495.0,3276.47,3410.93,50131.6,170.2274997,3410.93,3658.0,3394.04,3545.37,41424.25,145.60707480000002
384,3508.75,3549.99,3224.6,3403.55,83526.75,282.8166713,3403.55,3495.0,3276.47,3410.93,50131.6,170.2274997
385,3769.84,3899.99,3500.0,3508.75,58566.12,218.3971713,3508.75,3549.99,3224.6,3403.55,83526.75,282.8166713
386,3951.64,3970.0,3745.0,3769.84,40324.34,155.3184201,3769.84,3899.99,3500.0,3508.75,58566.12,218.3971713
387,3884.01,4085.0,3785.94,3951.64,43819.45,173.2698983,3951.64,3970.0,3745.0,3769.84,40324.34,155.3184201
388,4161.01,4179.0,3827.02,3884.01,43575.4,173.2138157,3884.01,4085.0,3785.94,3951.64,43819.45,173.2698983
389,4190.02,4312.99,4103.04,4161.01,36617.34,153.3085323,4161.01,4179.0,3827.02,3884.01,43575.4,173.2138157
390,4041.32,4299.99,3963.01,4190.02,41538.32,172.41213190000002,4190.02,4312.99,4103.04,4161.01,36617.34,153.3085323
391,4295.84,4341.36,3943.0,4053.09,61088.09,251.53035809999997,4041.32,4299.99,3963.01,4190.02,41538.32,172.41213190000002
392,4264.85,4450.38,4125.65,4295.84,67935.45,290.8725516,4295.84,4341.36,3943.0,4053.09,61088.09,251.53035809999997
393,3875.21,4394.47,3874.27,4264.85,82187.35,341.82007450000003,4264.85,4450.38,4125.65,4295.84,67935.45,290.8725516
394,3862.2,3940.0,3689.12,3875.21,62299.14,237.8458702,3875.21,4394.47,3874.27,4264.85,82187.35,341.82007450000003
395,4085.78,4206.0,3701.0,3862.2,84761.59,335.0996257,3862.2,3940.0,3689.12,3875.21,62299.14,237.8458702
396,3932.44,4233.0,3652.66,4085.78,89041.61,348.65338629999997,4085.78,4206.0,3701.0,3862.2,84761.59,335.0996257
397,4420.61,4527.0,3824.69,3932.44,52612.04,221.5185983,3932.44,4233.0,3652.66,4085.78,89041.61,348.65338629999997
398,4370.0,4484.0,4222.94,4420.61,45007.85,196.3376357,4420.61,4527.0,3824.69,3932.44,52612.04,221.5185983
399,4661.07,4721.77,4335.0,4370.0,31617.81,144.3127682,4370.0,4484.0,4222.94,4420.61,45007.85,196.3376357
400,4558.86,4787.2,4413.85,4661.07,56391.89,259.711255,4661.07,4721.77,4335.0,4370.0,31617.81,144.3127682
401,4910.03,5048.24,4326.0,4558.86,100503.22,469.7858943,4558.86,4787.2,4413.85,4661.07,56391.89,259.711255
402,5662.0,5664.0,4855.0,4910.03,63314.09,330.5847582,4910.03,5048.24,4326.0,4558.86,100503.22,469.7858943
403,5628.29,5738.17,5617.0,5662.0,22864.8,129.33852620000002,5662.0,5664.0,4855.0,4910.03,63314.09,330.5847582
404,5655.94,5656.6,5565.43,5628.29,25511.48,143.02899019999998,5628.29,5738.17,5617.0,5662.0,22864.8,129.33852620000002
405,5753.4,5782.89,5549.25,5655.94,36665.71,207.4696385,5655.94,5656.6,5565.43,5628.29,25511.48,143.02899019999998
406,5922.41,5939.54,5403.42,5753.4,41943.86,237.6686667,5753.4,5782.89,5549.25,5655.94,36665.71,207.4696385
407,6457.66,6482.84,5656.87,5922.41,38778.76,233.5053273,5922.41,5939.54,5403.42,5753.4,41943.86,237.6686667
408,6453.07,6498.0,6391.15,6457.66,11198.97,72.32195959999999,6457.66,6482.84,5656.87,5922.41,38778.76,233.5053273
409,6449.81,6497.0,6421.0,6453.07,9558.74,61.68655915,6453.07,6498.0,6391.15,6457.66,11198.97,72.32195959999999
410,6433.05,6462.14,6355.0,6449.81,7738.64,49.66547407,6449.81,6497.0,6421.0,6453.07,9558.74,61.68655915
411,6419.99,6475.55,6411.0,6433.05,7406.31,47.75541552,6433.05,6462.14,6355.0,6449.81,7738.64,49.66547407
412,6479.84,6511.53,6391.01,6419.99,11145.39,71.86036129,6419.99,6475.55,6411.0,6433.05,7406.31,47.75541552
413,6578.46,6594.0,6468.22,6479.84,12284.48,80.09527963,6479.84,6511.53,6391.01,6419.99,11145.39,71.86036129
414,6519.11,6615.15,6509.0,6578.46,13205.39,86.80734257,6578.46,6594.0,6468.22,6479.84,12284.48,80.09527963
415,6468.99,6531.31,6445.18,6519.11,11223.92,72.77731511,6519.11,6615.15,6509.0,6578.46,13205.39,86.80734257
416,6485.85,6504.39,6431.02,6468.99,8479.5,54.83952139,6468.99,6531.31,6445.18,6519.11,11223.92,72.77731511
417,6387.09,6525.0,6359.0,6485.85,9989.26,64.28071803,6485.85,6504.39,6431.02,6468.99,8479.5,54.83952139
418,6433.98,6439.97,6345.0,6387.09,7310.55,46.69432228,6387.09,6525.0,6359.0,6485.85,9989.26,64.28071803
419,6410.0,6460.34,6388.2,6433.98,9306.69,59.80849503,6433.98,6439.97,6345.0,6387.09,7310.55,46.69432228
420,6371.93,6442.65,6348.66,6410.0,8704.28,55.51359997,6410.0,6460.34,6388.2,6433.98,9306.69,59.80849503
421,6330.87,6428.0,6245.02,6371.93,11288.16,71.51979426,6371.93,6442.65,6348.66,6410.0,8704.28,55.51359997
422,6344.5,6395.0,6317.01,6330.87,8511.93,54.07241892,6330.87,6428.0,6245.02,6371.93,11288.16,71.51979426
423,6489.93,6505.01,6315.0,6344.5,12371.58,79.17093983,6344.5,6395.0,6317.01,6330.87,8511.93,54.07241892
424,6505.6,6514.17,6453.0,6489.93,5496.14,35.68951181,6489.93,6505.01,6315.0,6344.5,12371.58,79.17093983
425,6538.63,6558.35,6476.18,6505.6,7049.62,45.941295700000005,6505.6,6514.17,6453.0,6489.93,5496.14,35.68951181
426,6528.09,6600.0,6515.01,6538.63,9179.12,60.05994066,6538.63,6558.35,6476.18,6505.6,7049.62,45.941295700000005
427,6565.5,6575.09,6502.8,6528.09,9910.04,64.86169649,6528.09,6600.0,6515.01,6538.63,9179.12,60.05994066
428,6553.51,6630.0,6547.53,6565.5,11591.53,76.42016438,6565.5,6575.09,6502.8,6528.09,9910.04,64.86169649
429,6581.2,6595.0,6515.45,6553.51,13462.11,88.38039073,6553.51,6630.0,6547.53,6565.5,11591.53,76.42016438
430,6590.11,6639.0,6535.27,6581.2,15770.56,103.8970944,6581.2,6595.0,6515.45,6553.51,13462.11,88.38039073
431,6588.4,6663.9,6580.0,6590.11,6239.58,41.31905601,6590.11,6639.0,6535.27,6581.2,15770.56,103.8970944
432,6528.88,6617.65,6505.55,6588.4,18944.66,124.380958,6588.4,6663.9,6580.0,6590.11,6239.58,41.31905601
433,6618.96,6648.14,6523.0,6528.88,20150.2,132.5849415,6528.88,6617.65,6505.55,6588.4,18944.66,124.380958
434,6740.89,6796.0,6567.0,6618.96,18985.84,127.2247343,6618.96,6648.14,6523.0,6528.88,20150.2,132.5849415
435,6759.27,6811.12,6676.01,6740.89,25902.71,174.6613382,6740.89,6796.0,6567.0,6618.96,18985.84,127.2247343
436,6755.73,6755.73,6708.49,6708.49,0.0,0.0,6759.27,6811.12,6676.01,6740.89,25902.71,174.6613382
437,6339.34,7600.0,6300.0,6755.73,71305.79,491.22724910000005,6755.73,6755.73,6708.49,6708.49,0.0,0.0
438,6332.93,6416.0,6308.0,6339.34,15032.82,95.74036542,6339.34,7600.0,6300.0,6755.73,71305.79,491.22724910000005
439,6298.01,6345.0,6285.07,6332.93,18677.34,118.06868359999999,6332.93,6416.0,6308.0,6339.34,15032.82,95.74036542
440,6252.68,6360.0,6209.0,6298.01,28152.99,177.6619841,6298.01,6345.0,6285.07,6332.93,18677.34,118.06868359999999
441,6631.0,6633.92,6205.0,6252.68,45289.8,286.4798481,6252.68,6360.0,6209.0,6298.01,28152.99,177.6619841
442,6656.61,6659.95,6530.0,6631.0,14686.17,96.96374275,6631.0,6633.92,6205.0,6252.68,45289.8,286.4798481
443,6673.01,6685.38,6607.0,6656.61,14905.45,99.12699226,6656.61,6659.95,6530.0,6631.0,14686.17,96.96374275
444,6615.26,6715.6,6587.0,6673.01,22269.64,148.01501430000002,6673.01,6685.38,6607.0,6656.61,14905.45,99.12699226
445,6594.27,6640.0,6525.0,6615.26,16867.06,110.93927009999999,6615.26,6715.6,6587.0,6673.01,22269.64,148.01501430000002
446,6635.65,6651.0,6566.77,6594.27,10604.16,70.03448302,6594.27,6640.0,6525.0,6615.26,16867.06,110.93927009999999
447,6593.79,6697.0,6543.08,6635.65,15185.82,100.2303835,6635.65,6651.0,6566.77,6594.27,10604.16,70.03448302
448,6510.0,6643.46,6505.09,6593.79,19316.97,127.3565251,6593.79,6697.0,6543.08,6635.65,15185.82,100.2303835
449,6525.79,6549.0,6430.0,6510.0,27403.24,177.8237581,6510.0,6643.46,6505.09,6593.79,19316.97,127.3565251
450,6611.61,6640.0,6494.0,6525.79,27259.9,179.25956169999998,6525.79,6549.0,6430.0,6510.0,27403.24,177.8237581
451,6626.57,6667.09,6510.0,6611.61,19444.16,128.3659604,6611.61,6640.0,6494.0,6525.79,27259.9,179.25956169999998
452,6596.38,6662.0,6533.0,6626.57,27030.58,178.59234630000003,6626.57,6667.09,6510.0,6611.61,19444.16,128.3659604
453,6634.58,6636.0,6464.57,6596.38,29116.99,190.9712872,6596.38,6662.0,6533.0,6626.57,27030.58,178.59234630000003
454,6689.13,6814.8,6540.88,6634.58,40167.47,268.2669537,6634.58,6636.0,6464.57,6596.38,29116.99,190.9712872
455,6465.12,6750.0,6434.0,6689.13,31366.55,205.54600019999998,6689.13,6814.8,6540.88,6634.58,40167.47,268.2669537
456,6447.54,6557.99,6380.0,6465.12,32046.99,207.5417281,6465.12,6750.0,6434.0,6689.13,31366.55,205.54600019999998
457,6581.39,6584.01,6325.02,6447.54,38074.01,244.60234159999996,6447.54,6557.99,6380.0,6465.12,32046.99,207.5417281
458,6708.0,6730.0,6557.0,6581.39,33414.49,221.8300563,6581.39,6584.01,6325.02,6447.54,38074.01,244.60234159999996
459,6723.05,6788.23,6661.75,6708.0,29311.77,196.9328064,6708.0,6730.0,6557.0,6581.39,33414.49,221.8300563
460,6759.02,6839.03,6627.0,6723.05,27339.77,183.7258308,6723.05,6788.23,6661.75,6708.0,29311.77,196.9328064
461,6492.0,6784.86,6491.0,6759.02,47817.08,319.3061307,6759.02,6839.03,6627.0,6723.05,27339.77,183.7258308
462,6391.89,6540.0,6325.0,6492.0,23631.22,151.8289053,6492.0,6784.86,6491.0,6759.02,47817.08,319.3061307
463,6336.45,6517.7,6123.0,6391.89,34541.26,218.9082454,6391.89,6540.0,6325.0,6492.0,23631.22,151.8289053
464,6248.69,6390.0,6224.98,6336.45,31411.52,198.0912022,6336.45,6517.7,6123.0,6391.89,34541.26,218.9082454
465,6505.0,6533.84,6201.0,6248.69,33303.91,211.88824879999999,6248.69,6390.0,6224.98,6336.45,31411.52,198.0912022
466,6514.96,6524.62,6375.13,6505.0,25675.79,166.42233810000002,6505.0,6533.84,6201.0,6248.69,33303.91,211.88824879999999
467,6476.63,6565.45,6466.13,6514.96,24486.34,159.62170600000002,6514.96,6524.62,6375.13,6505.0,25675.79,166.42233810000002
468,6487.38,6584.99,6385.62,6476.63,34777.26,225.93516630000002,6476.63,6565.45,6466.13,6514.96,24486.34,159.62170600000002
469,6338.62,6535.0,6337.4,6487.38,38129.96,245.9130484,6487.38,6584.99,6385.62,6476.63,34777.26,225.93516630000002
470,6294.91,6360.0,6192.37,6338.62,30266.86,190.0766905,6338.62,6535.0,6337.4,6487.38,38129.96,245.9130484
471,6312.0,6404.0,6170.0,6294.91,31017.23,195.2486524,6294.91,6360.0,6192.37,6338.62,30266.86,190.0766905
472,6250.81,6373.98,6221.0,6312.0,31429.19,197.8242459,6312.0,6404.0,6170.0,6294.91,31017.23,195.2486524
473,6185.05,6441.0,6141.53,6250.81,34394.57,216.7805514,6250.81,6373.98,6221.0,6312.0,31429.19,197.8242459
474,6395.54,6478.0,6111.0,6185.05,34684.08,219.58808109999998,6185.05,6441.0,6141.53,6250.81,34394.57,216.7805514
475,6516.01,6544.0,6320.0,6395.54,37193.0,239.70777349999997,6395.54,6478.0,6111.0,6185.05,34684.08,219.58808109999998
476,6700.0,6725.0,6286.05,6516.01,54232.17,349.17455110000003,6516.01,6544.0,6320.0,6395.54,37193.0,239.70777349999997
477,7359.06,7397.3,6682.0,6700.0,57250.23,404.2815501,6700.0,6725.0,6286.05,6516.01,54232.17,349.17455110000003
478,7263.02,7409.9,7227.17,7359.06,33876.24,248.5110727,7359.06,7397.3,6682.0,6700.0,57250.23,404.2815501
479,7302.01,7338.28,7191.63,7263.02,30914.26,224.6257895,7263.02,7409.9,7227.17,7359.06,33876.24,248.5110727
480,7200.01,7345.45,7127.0,7302.01,37719.06,273.323233,7302.01,7338.28,7191.63,7263.02,30914.26,224.6257895
481,7011.21,7275.0,7008.74,7200.01,37858.84,269.65943510000005,7200.01,7345.45,7127.0,7302.01,37719.06,273.323233
482,6984.84,7089.0,6888.0,7011.21,38515.35,269.10180410000004,7011.21,7275.0,7008.74,7200.01,37858.84,269.65943510000005
483,7031.22,7063.63,6784.81,6984.84,41565.87,287.626873,6984.84,7089.0,6888.0,7011.21,38515.35,269.10180410000004
484,7076.11,7133.81,6912.34,7031.22,40220.91,283.32723839999994,7031.22,7063.63,6784.81,6984.84,41565.87,287.626873
485,6908.64,7135.0,6860.0,7076.11,44829.18,313.5406176,7076.11,7133.81,6912.34,7031.22,40220.91,283.32723839999994
486,6700.0,6940.51,6646.5,6908.64,34508.75,232.2010204,6908.64,7135.0,6860.0,7076.11,44829.18,313.5406176
487,6733.64,6775.27,6568.0,6700.0,18564.21,123.8406202,6700.0,6940.51,6646.5,6908.64,34508.75,232.2010204
488,6681.64,6789.0,6650.61,6733.64,18091.61,121.49644350000001,6733.64,6775.27,6568.0,6700.0,18564.21,123.8406202
489,6525.01,6725.0,6440.5,6681.64,35913.86,235.8139434,6681.64,6789.0,6650.61,6733.64,18091.61,121.49644350000001
490,6360.89,6576.99,6342.28,6525.01,38250.32,246.188292,6525.01,6725.0,6440.5,6681.64,35913.86,235.8139434
491,6480.0,6882.54,6251.2,6360.89,67162.63,442.016859,6360.89,6576.99,6342.28,6525.01,38250.32,246.188292
492,6254.84,6500.0,6235.08,6480.0,39854.49,254.46952969999998,6480.0,6882.54,6251.2,6360.89,67162.63,442.016859
493,6477.53,6530.0,6220.0,6254.84,46545.59,299.2030818,6254.84,6500.0,6235.08,6480.0,39854.49,254.46952969999998
494,6387.96,6541.0,6300.0,6477.53,43738.26,279.9495023,6477.53,6530.0,6220.0,6254.84,46545.59,299.2030818
495,6584.49,6620.0,6288.0,6387.96,50598.18,325.75251789999993,6387.96,6541.0,6300.0,6477.53,43738.26,279.9495023
496,6311.75,6585.0,6285.4,6584.49,54348.71,351.8035447,6584.49,6620.0,6288.0,6387.96,50598.18,325.75251789999993
497,6267.16,6480.0,6205.6,6311.75,45018.33,285.55854930000004,6311.75,6585.0,6285.4,6584.49,54348.71,351.8035447
498,6188.08,6609.0,6172.11,6267.16,61848.78,394.600658,6267.16,6480.0,6205.6,6311.75,45018.33,285.55854930000004
499,6246.35,6250.33,5880.0,6188.08,44408.54,268.25839959999996,6188.08,6609.0,6172.11,6267.16,61848.78,394.600658
500,6308.33,6540.1,6145.04,6246.35,50100.77,317.50784710000005,6246.35,6250.33,5880.0,6188.08,44408.54,268.25839959999996
501,6077.3,6077.3,6077.3,6077.3,0.0,0.0,6308.33,6540.1,6145.04,6246.35,50100.77,317.50784710000005
502,6144.01,6177.0,5982.0,6077.3,22413.41,136.72601310000002,6077.3,6077.3,6077.3,6077.3,0.0,0.0
503,6529.79,6575.88,6026.39,6144.01,52332.83,332.5672798,6144.01,6177.0,5982.0,6077.3,22413.41,136.72601310000002
504,6285.0,6622.81,6178.6,6529.79,47729.05,305.798216,6529.79,6575.88,6026.39,6144.01,52332.83,332.5672798
505,6720.06,6721.54,6123.0,6285.0,53301.26,342.49496380000005,6285.0,6622.81,6178.6,6529.79,47729.05,305.798216
506,6934.82,7150.46,6670.0,6720.06,41214.02,287.2693045,6720.06,6721.54,6123.0,6285.0,53301.26,342.49496380000005
507,7024.19,7160.0,6821.0,6934.82,30793.32,215.34025640000002,6934.82,7150.46,6670.0,6720.06,41214.02,287.2693045
508,7009.84,7089.87,6882.29,7024.19,31146.24,217.7799074,7024.19,7160.0,6821.0,6934.82,30793.32,215.34025640000002
509,7418.78,7494.81,6926.0,7009.84,32996.7,238.7125173,7009.84,7089.87,6882.29,7024.19,31146.24,217.7799074
510,7525.71,7540.0,7282.44,7418.78,41280.01,305.4704206,7418.78,7494.81,6926.0,7009.84,32996.7,238.7125173
511,7611.64,7702.71,7455.72,7525.71,33407.69,253.2382435,7525.71,7540.0,7282.44,7418.78,41280.01,305.4704206
512,7730.93,7750.0,7430.0,7611.64,39394.76,298.17909289999994,7611.64,7702.71,7455.72,7525.71,33407.69,253.2382435
513,8173.92,8180.0,7633.0,7730.93,43682.43,343.73965580000004,7730.93,7750.0,7430.0,7611.64,39394.76,298.17909289999994
514,8211.0,8273.0,7866.0,8173.92,36011.52,291.881176,8173.92,8180.0,7633.0,7730.93,43682.43,343.73965580000004
515,8225.04,8294.51,8115.0,8211.0,24675.06,202.53847549999998,8211.0,8273.0,7866.0,8173.92,36011.52,291.881176
516,8188.57,8246.54,8067.0,8225.04,25222.34,206.25640190000001,8225.04,8294.51,8115.0,8211.0,24675.06,202.53847549999998
517,7920.0,8285.0,7805.0,8188.57,40369.01,324.34139439999996,8188.57,8246.54,8067.0,8225.04,25222.34,206.25640190000001
518,8175.64,8315.69,7850.06,7920.0,39535.19,322.2742252,7920.0,8285.0,7805.0,8188.57,40369.01,324.34139439999996
519,8397.24,8491.77,8050.0,8175.64,44943.17,370.77668680000005,8175.64,8315.69,7850.06,7920.0,39535.19,322.2742252
520,7721.01,8486.0,7696.0,8397.24,54851.84,444.40098499999993,8397.24,8491.77,8050.0,8175.64,44943.17,370.77668680000005
521,7394.79,7829.0,7375.0,7721.01,38041.48,292.4267017,7721.01,8486.0,7696.0,8397.24,54851.84,444.40098499999993
522,7398.78,7582.4,7335.5,7394.79,28538.74,212.7198766,7394.79,7829.0,7375.0,7721.01,38041.48,292.4267017
523,7337.53,7458.47,7211.0,7398.78,27274.39,200.3133257,7398.78,7582.4,7335.5,7394.79,28538.74,212.7198766
524,7466.21,7700.0,7273.0,7337.53,40701.57,302.30132349999997,7337.53,7458.47,7211.0,7398.78,27274.39,200.3133257
525,7381.9,7573.99,7270.0,7466.21,38217.46,282.8972238,7466.21,7700.0,7273.0,7337.53,40701.57,302.30132349999997
526,7317.44,7588.08,7225.38,7381.9,53379.35,395.39448710000005,7381.9,7573.99,7270.0,7466.21,38217.46,282.8972238
527,6723.35,7452.0,6652.04,7317.44,44749.42,312.4576232,7317.44,7588.08,7225.38,7381.9,53379.35,395.39448710000005
528,6353.01,6747.3,6330.4,6723.35,33547.54,219.67688059999998,6723.35,7452.0,6652.04,7317.44,44749.42,312.4576232
529,6251.99,6395.0,6225.4,6353.01,22302.78,141.1208215,6353.01,6747.3,6330.4,6723.35,33547.54,219.67688059999998
530,6214.57,6335.0,6178.0,6251.99,16980.84,105.94815039999999,6251.99,6395.0,6225.4,6353.01,22302.78,141.1208215
531,6250.57,6350.0,6110.0,6214.57,24233.9,151.1011044,6214.57,6335.0,6178.0,6251.99,16980.84,105.94815039999999
532,6378.07,6380.28,6070.0,6250.57,28442.93,176.55754340000001,6250.57,6350.0,6110.0,6214.57,24233.9,151.1011044
533,6296.91,6406.0,6278.99,6378.07,27261.07,173.1249868,6378.07,6380.28,6070.0,6250.57,28442.93,176.55754340000001
534,6662.12,6681.0,6263.0,6296.91,35210.77,227.5373769,6296.91,6406.0,6278.99,6378.07,27261.07,173.1249868
535,6712.1,6802.06,6612.24,6662.12,24981.94,167.5242587,6662.12,6681.0,6263.0,6296.91,35210.77,227.5373769
536,6756.98,6780.0,6668.0,6712.1,23296.28,157.0241703,6712.1,6802.06,6612.24,6662.12,24981.94,167.5242587
537,6609.78,6818.16,6508.88,6756.98,21978.78,144.75108669999997,6756.98,6780.0,6668.0,6712.1,23296.28,157.0241703
538,6529.2,6648.54,6425.0,6609.78,27529.34,180.01937130000002,6609.78,6818.16,6508.88,6756.98,21978.78,144.75108669999997
539,6586.98,6700.0,6453.78,6529.2,32443.55,213.5258353,6529.2,6648.54,6425.0,6609.78,27529.34,180.01937130000002
540,6513.86,6784.92,6441.11,6586.98,21412.98,141.96866119999999,6586.98,6700.0,6453.78,6529.2,32443.55,213.5258353
541,6615.29,6679.35,6463.01,6513.86,35198.66,231.799827,6513.86,6784.92,6441.11,6586.98,21412.98,141.96866119999999
542,6356.81,6685.0,6271.62,6615.29,33026.95,214.590129,6615.29,6679.35,6463.01,6513.86,35198.66,231.799827
543,6390.07,6441.06,6251.0,6356.81,25719.81,163.4036932,6356.81,6685.0,6271.62,6615.29,33026.95,214.590129
544,6197.92,6528.99,6186.03,6390.07,35066.33,223.3646911,6390.07,6441.06,6251.0,6356.81,25719.81,163.4036932
545,5853.98,6300.0,5780.0,6197.92,30874.03,183.1549123,6197.92,6528.99,6186.03,6390.07,35066.33,223.3646911
546,6133.73,6173.01,5827.0,5853.98,28898.22,175.1030591,5853.98,6300.0,5780.0,6197.92,30874.03,183.1549123
547,6070.78,6190.43,5971.0,6133.73,18233.86,111.06152990000001,6133.73,6173.01,5827.0,5853.98,28898.22,175.1030591
548,6252.0,6272.54,6035.0,6070.78,17954.65,110.9300924,6070.78,6190.43,5971.0,6133.73,18233.86,111.06152990000001
549,6136.97,6350.0,6080.0,6252.0,36191.98,224.42337819999997,6252.0,6272.54,6035.0,6070.78,17954.65,110.9300924
550,6149.98,6259.8,5750.0,6136.97,41296.18,247.15601009999997,6136.97,6350.0,6080.0,6252.0,36191.98,224.42337819999997
551,6045.0,6260.0,6008.48,6149.98,25275.69,154.50530859999998,6149.98,6259.8,5750.0,6136.97,41296.18,247.15601009999997
552,6718.84,6733.97,5918.94,6045.0,46190.22,290.1916313,6045.0,6260.0,6008.48,6149.98,25275.69,154.50530859999998
553,6761.51,6795.0,6672.57,6718.84,24610.33,165.6414591,6718.84,6733.97,5918.94,6045.0,46190.22,290.1916313
554,6741.21,6817.23,6551.81,6761.51,24856.17,165.91653540000001,6761.51,6795.0,6672.57,6718.84,24610.33,165.6414591
555,6712.46,6841.74,6653.0,6741.21,23242.74,156.2244624,6741.21,6817.23,6551.81,6761.51,24856.17,165.91653540000001
556,6449.61,6794.37,6380.0,6712.46,29675.51,194.42420819999998,6712.46,6841.74,6653.0,6741.21,23242.74,156.2244624
557,6483.98,6589.03,6422.0,6449.61,19251.31,125.2437696,6449.61,6794.37,6380.0,6712.46,29675.51,194.42420819999998
558,6388.9,6560.0,6320.86,6483.98,21157.78,136.5353242,6483.98,6589.03,6422.0,6449.61,19251.31,125.2437696
559,6635.98,6666.66,6362.31,6388.9,28128.53,183.86519840000003,6388.9,6560.0,6320.86,6483.98,21157.78,136.5353242
560,6292.78,6720.0,6260.0,6635.98,40272.35,261.6011919,6635.98,6666.66,6362.31,6388.9,28128.53,183.86519840000003
561,6530.0,6627.6,6118.68,6292.78,41763.12,267.2231195,6292.78,6720.0,6260.0,6635.98,40272.35,261.6011919
562,6872.0,6890.51,6435.0,6530.0,33509.64,224.4646549,6530.0,6627.6,6118.68,6292.78,41763.12,267.2231195
563,6764.99,6922.0,6610.0,6872.0,32459.41,218.93766409999998,6872.0,6890.51,6435.0,6530.0,33509.64,224.4646549
564,7491.73,7491.73,6622.81,6764.99,46345.2,325.42384169999997,6764.99,6922.0,6610.0,6872.0,32459.41,218.93766409999998
565,7603.44,7683.98,7450.0,7491.73,18385.98,139.9643291,7491.73,7491.73,6622.81,6764.99,46345.2,325.42384169999997
566,7691.08,7703.5,7531.0,7603.44,21943.48,167.1674128,7603.44,7683.98,7450.0,7491.73,18385.98,139.9643291
567,7658.84,7765.0,7620.0,7691.08,24050.89,185.1654044,7691.08,7703.5,7531.0,7603.44,21943.48,167.1674128
568,7625.0,7699.0,7467.05,7658.84,25975.09,197.47636369999998,7658.84,7765.0,7620.0,7691.08,24050.89,185.1654044
569,7487.0,7679.49,7358.0,7625.0,28444.14,212.968435,7625.0,7699.0,7467.05,7658.84,25975.09,197.47636369999998
570,7714.26,7760.52,7446.5,7487.0,30103.36,227.8468841,7487.0,7679.49,7358.0,7625.0,28444.14,212.968435
571,7640.03,7786.69,7600.0,7714.26,25954.74,199.7930846,7714.26,7760.52,7446.5,7487.0,30103.36,227.8468841
572,7521.01,7697.33,7437.0,7640.03,25360.71,193.03233659999998,7640.03,7786.69,7600.0,7714.26,25954.74,199.7930846
573,7485.01,7608.55,7355.54,7521.01,26661.71,199.5163243,7521.01,7697.33,7437.0,7640.03,25360.71,193.03233659999998
574,7375.96,7651.01,7327.51,7485.01,28617.57,214.754893,7485.01,7608.55,7355.54,7521.01,26661.71,199.5163243
575,7461.29,7569.0,7260.5,7375.96,29974.32,222.63722909999998,7375.96,7651.01,7327.51,7485.01,28617.57,214.754893
576,7099.0,7540.0,7032.95,7461.29,36056.86,263.43374819999997,7461.29,7569.0,7260.5,7375.96,29974.32,222.63722909999998
577,7338.99,7437.0,7058.02,7099.0,25174.08,182.005249,7099.0,7540.0,7032.95,7461.29,36056.86,263.43374819999997
578,7333.96,7400.0,7231.11,7338.99,17587.31,128.5343321,7338.99,7437.0,7058.02,7099.0,25174.08,182.005249
579,7457.0,7620.0,7300.0,7333.96,18281.18,136.7658525,7333.96,7400.0,7231.11,7338.99,17587.31,128.5343321
580,7575.01,7649.55,7308.15,7457.0,24785.5,185.1817075,7457.0,7620.0,7300.0,7333.96,18281.18,136.7658525
581,7501.95,7730.73,7266.99,7575.01,34515.84,259.3090039,7575.01,7649.55,7308.15,7457.0,24785.5,185.1817075
582,7977.11,8031.9,7425.0,7501.95,38947.89,300.7281577,7501.95,7730.73,7266.99,7575.01,34515.84,259.3090039
583,8381.24,8400.18,7935.11,7977.11,22045.73,180.7648986,7977.11,8031.9,7425.0,7501.95,38947.89,300.7281577
584,8526.98,8589.0,8305.0,8381.24,19998.32,168.9222102,8381.24,8400.18,7935.11,7977.11,22045.73,180.7648986
585,8233.49,8609.0,8163.9,8526.98,18721.24,157.02553559999998,8526.98,8589.0,8305.0,8381.24,19998.32,168.9222102
586,8239.81,8390.8,8095.73,8233.49,16146.96,133.2581188,8233.49,8609.0,8163.9,8526.98,18721.24,157.02553559999998
587,8041.46,8273.21,7911.9,8239.81,21838.33,176.6541195,8239.81,8390.8,8095.73,8233.49,16146.96,133.2581188
588,8330.0,8464.0,7979.0,8041.46,22070.3,181.80943919999999,8041.46,8273.21,7911.9,8239.81,21838.33,176.6541195
589,8462.0,8488.0,8083.01,8330.0,26918.99,222.29281349999997,8330.0,8464.0,7979.0,8041.46,22070.3,181.80943919999999
590,8663.34,8859.99,8401.3,8462.0,24109.53,207.836593,8462.0,8488.0,8083.01,8330.0,26918.99,222.29281349999997
591,8679.71,8879.99,8277.0,8663.34,33985.62,291.3352267,8663.34,8859.99,8401.3,8462.0,24109.53,207.836593
592,8465.94,8763.36,8299.49,8679.71,23839.79,204.1321264,8679.71,8879.99,8277.0,8663.34,33985.62,291.3352267
593,8400.0,8646.88,8153.0,8465.94,37239.64,312.7142963,8465.94,8763.36,8299.49,8679.71,23839.79,204.1321264
594,9002.2,9016.8,8341.0,8400.0,43341.84,376.36817,8400.0,8646.88,8153.0,8465.94,37239.64,312.7142963
595,9310.0,9395.12,8970.0,9002.2,23030.82,212.98675150000003,9002.2,9016.8,8341.0,8400.0,43341.84,376.36817
596,9187.56,9390.0,8965.0,9310.0,24142.49,221.72919500000003,9310.0,9395.12,8970.0,9002.2,23030.82,212.98675150000003
597,9365.0,9475.7,9060.54,9184.0,23665.43,219.17476659999997,9187.56,9390.0,8965.0,9310.0,24142.49,221.72919500000003
598,9659.01,9689.67,9181.0,9365.0,31217.86,292.0167739,9365.0,9475.7,9060.54,9184.0,23665.43,219.17476659999997
599,9864.0,9970.0,9417.03,9659.01,25845.38,249.5663507,9659.01,9689.67,9181.0,9365.0,31217.86,292.0167739
600,9713.99,10020.0,9682.0,9864.0,23037.14,227.50564849999998,9864.0,9970.0,9417.03,9659.01,25845.38,249.5663507
601,9750.0,9830.04,9520.85,9713.99,26514.27,256.6273059,9713.99,10020.0,9682.0,9864.0,23037.14,227.50564849999998
602,9247.84,9844.0,9168.4,9750.0,35823.63,338.0590666,9750.0,9830.04,9520.85,9713.99,26514.27,256.6273059
603,9071.48,9268.0,8970.2,9247.84,24261.11,221.41370120000002,9247.84,9844.0,9168.4,9750.0,35823.63,338.0590666
604,9246.01,9248.99,8800.49,9071.48,37420.61,336.365913,9071.48,9268.0,8970.2,9247.84,24261.11,221.41370120000002
605,9419.0,9458.64,9124.99,9246.01,32200.03,299.0283684,9246.01,9248.99,8800.49,9071.48,37420.61,336.365913
606,9348.0,9570.51,9163.74,9419.0,35323.73,330.60689019999995,9419.0,9458.64,9124.99,9246.01,32200.03,299.0283684
607,8915.35,9427.48,8870.0,9348.0,32021.91,296.312657,9348.0,9570.51,9163.74,9419.0,35323.73,330.60689019999995
608,9266.0,9395.0,8889.0,8915.35,34350.82,316.2352248,8915.35,9427.48,8870.0,9348.0,32021.91,296.312657
609,8869.99,9307.48,8651.62,9266.0,39468.03,351.0259163,9266.0,9395.0,8889.0,8915.35,34350.82,316.2352248
610,9619.99,9759.82,8730.0,8869.99,72185.81,663.3013892000001,8869.99,9307.48,8651.62,9266.0,39468.03,351.0259163
611,8934.01,9731.01,8922.0,9622.02,42239.31,393.76068030000005,9619.99,9759.82,8730.0,8869.99,72185.81,663.3013892000001
612,8787.02,8985.0,8745.0,8934.01,24369.66,216.69560209999997,8934.01,9731.01,8922.0,9622.02,42239.31,393.76068030000005
613,8915.31,9020.67,8727.68,8787.02,27128.97,241.11512090000002,8787.02,8985.0,8745.0,8934.01,24369.66,216.69560209999997
614,8856.98,9035.0,8565.0,8915.31,37486.38,329.1924622,8915.31,9020.67,8727.68,8787.02,27128.97,241.11512090000002
615,8278.0,8930.0,8177.09,8856.98,35930.64,304.40385539999994,8856.98,9035.0,8565.0,8915.31,37486.38,329.1924622
616,8173.0,8296.0,8080.0,8278.0,25235.04,207.25292130000003,8278.0,8930.0,8177.09,8856.98,35930.64,304.40385539999994
617,7885.02,8236.43,7868.0,8173.0,24598.08,198.5217966,8173.0,8296.0,8080.0,8278.0,25235.04,207.25292130000003
618,8064.92,8173.7,7825.4,7885.02,29361.86,235.85258990000003,7885.02,8236.43,7868.0,8173.0,24598.08,198.5217966
619,8355.0,8419.0,7867.0,8064.92,32793.47,264.55725789999997,8064.92,8173.7,7825.4,7885.02,29361.86,235.85258990000003
620,7999.01,8429.54,7999.01,8355.0,25387.49,209.15353340000001,8355.0,8419.0,7867.0,8064.92,32793.47,264.55725789999997
621,7877.41,8186.0,7810.0,7999.01,29396.9,235.08887799999997,7999.01,8429.54,7999.01,8355.0,25387.49,209.15353340000001
622,7923.0,8233.39,7732.0,7877.41,48966.27,391.3043087,7877.41,8186.0,7810.0,7999.01,29396.9,235.08887799999997
623,6953.79,8000.63,6743.2,7923.0,52462.81,391.5763608,7923.0,8233.39,7732.0,7877.41,48966.27,391.3043087
624,6843.9,6990.0,6787.0,6953.79,22782.18,156.8822802,6953.79,8000.63,6743.2,7923.0,52462.81,391.5763608
625,6782.72,6890.0,6656.0,6843.9,20936.25,141.9810661,6843.9,6990.0,6787.0,6953.79,22782.18,156.8822802
626,7018.0,7185.0,6611.0,6782.72,30915.42,212.70811400000002,6782.72,6890.0,6656.0,6843.9,20936.25,141.9810661
627,6895.8,7109.13,6880.0,7018.0,20313.27,142.160303,7018.0,7185.0,6611.0,6782.72,30915.42,212.70811400000002
628,6601.39,7070.0,6586.28,6895.8,30015.34,206.84829109999998,6895.8,7109.13,6880.0,7018.0,20313.27,142.160303
629,6770.76,6850.0,6500.0,6601.39,25462.58,168.9413828,6601.39,7070.0,6586.28,6895.8,30015.34,206.84829109999998
630,6796.1,6902.0,6566.69,6770.76,36076.98,243.5222994,6770.76,6850.0,6500.0,6601.39,25462.58,168.9413828
631,7405.21,7427.52,6707.0,6796.1,38576.06,271.7620213,6796.1,6902.0,6566.69,6770.76,36076.98,243.5222994
632,7056.0,7520.0,7011.01,7405.21,35371.14,259.35062,7405.21,7427.52,6707.0,6796.1,38576.06,271.7620213
633,6813.01,7125.0,6765.0,7056.0,29932.66,209.0157256,7056.0,7520.0,7011.01,7405.21,35371.14,259.35062
634,6923.91,7049.98,6430.0,6813.01,40263.37,271.82291139999995,6813.01,7125.0,6765.0,7056.0,29932.66,209.0157256
635,6840.23,7223.36,6777.0,6923.91,34014.7,238.33708230000002,6923.91,7049.98,6430.0,6813.01,40263.37,271.82291139999995
636,7090.14,7292.43,6600.28,6840.23,58906.55,406.20467610000003,6840.23,7223.36,6777.0,6923.91,34014.7,238.33708230000002
637,7949.3,7975.0,6941.11,7090.14,49271.03,366.3089426,7090.14,7292.43,6600.28,6840.23,58906.55,406.20467610000003
638,7795.51,8109.0,7728.0,7949.3,24866.87,197.0139571,7949.3,7975.0,6941.11,7090.14,49271.03,366.3089426
639,8134.23,8215.94,7730.0,7795.51,34554.36,274.7668661,7795.51,8109.0,7728.0,7949.3,24866.87,197.0139571
640,8470.15,8514.89,7831.0,8134.23,39920.48,325.0683754,8134.23,8215.94,7730.0,7795.51,34554.36,274.7668661
641,8546.86,8669.85,8365.77,8470.15,27184.64,231.55804390000003,8470.15,8514.89,7831.0,8134.23,39920.48,325.0683754
642,8898.03,8999.95,8491.0,8546.86,33068.56,292.11510649999997,8546.86,8669.85,8365.77,8470.15,27184.64,231.55804390000003
643,8722.9,8909.0,8269.0,8898.03,36943.0,314.8070171,8898.03,8999.95,8491.0,8546.86,33068.56,292.11510649999997
644,8885.0,9100.0,8465.1,8722.9,37296.04,325.8795189,8722.9,8909.0,8269.0,8898.03,36943.0,314.8070171
645,8909.98,9177.01,8750.6,8885.0,36819.81,329.96765899999997,8885.0,9100.0,8465.1,8722.9,37296.04,325.8795189
646,8600.0,9050.0,8280.0,8909.98,41477.45,358.5109599,8909.98,9177.01,8750.6,8885.0,36819.81,329.96765899999997
647,8189.99,8705.23,8088.4,8600.0,49737.89,416.0443787,8600.0,9050.0,8280.0,8909.98,41477.45,358.5109599
648,7824.8,8317.4,7322.0,8189.99,52990.19,407.8525775,8189.99,8705.23,8088.4,8600.0,49737.89,416.0443787
649,8260.0,8348.62,7721.99,7824.8,30758.47,247.0935981,7824.8,8317.4,7322.0,8189.99,52990.19,407.8525775
650,8240.98,8611.64,7900.0,8260.0,35584.81,295.4986669,8260.0,8348.62,7721.99,7824.8,30758.47,247.0935981
651,8170.0,8430.0,7650.0,8240.98,46635.96,376.4090623,8240.98,8611.64,7900.0,8260.0,35584.81,295.4986669
652,9150.0,9333.78,7900.28,8170.0,44449.41,381.4212261,8170.0,8430.0,7650.0,8240.98,46635.96,376.4090623
653,9131.34,9474.0,8823.0,9150.0,36864.04,336.97558250000003,9150.0,9333.78,7900.28,8170.0,44449.41,381.4212261
654,9533.57,9888.88,8780.0,9131.22,37368.44,350.201106,9131.34,9474.0,8823.0,9150.0,36864.04,336.97558250000003
655,8770.22,9739.18,8450.0,9533.57,40514.46,368.6691272,9533.57,9888.88,8780.0,9131.22,37368.44,350.201106
656,9227.0,9490.0,8667.07,8770.22,34235.3,314.23852880000004,8770.22,9739.18,8450.0,9533.57,40514.46,368.6691272
657,9271.64,9410.0,8329.0,9227.0,58314.31,515.9735049999999,9227.0,9490.0,8667.07,8770.22,34235.3,314.23852880000004
658,9910.0,10099.0,9060.0,9271.64,37156.84,357.07785939999997,9271.64,9410.0,8329.0,9227.0,58314.31,515.9735049999999
659,10716.48,10899.0,9389.31,9910.0,42833.84,436.48590260000003,9910.0,10099.0,9060.0,9271.64,37156.84,357.07785939999997
660,11454.0,11455.0,10555.48,10716.48,27488.54,301.5798386,10716.48,10899.0,9389.31,9910.0,42833.84,436.48590260000003
661,11515.0,11710.0,11415.01,11454.0,14276.07,164.8423619,11454.0,11455.0,10555.48,10716.48,27488.54,301.5798386
662,11464.48,11565.0,11050.02,11515.0,16252.37,183.0776636,11515.0,11710.0,11415.01,11454.0,14276.07,164.8423619
663,11039.0,11544.0,11015.01,11464.48,20044.83,227.6438244,11464.48,11565.0,11050.02,11515.0,16252.37,183.0776636
664,10920.0,11200.0,10770.0,11039.0,22326.97,245.5109276,11039.0,11544.0,11015.01,11464.48,20044.83,227.6438244
665,10326.76,11060.41,10240.0,10920.0,23394.5,249.99997830000004,10920.0,11200.0,10770.0,11039.0,22326.97,245.5109276
666,10569.04,11098.0,10300.0,10326.76,28318.19,301.44170360000004,10326.76,11060.41,10240.0,10920.0,23394.5,249.99997830000004
667,10324.0,10870.0,10121.0,10569.04,28490.63,300.87359730000003,10569.04,11098.0,10300.0,10326.76,28318.19,301.44170360000004
668,9590.0,10444.32,9350.0,10324.0,31829.46,317.01473230000005,10324.0,10870.0,10121.0,10569.04,28490.63,300.87359730000003
669,9694.51,9847.0,9274.8,9590.0,26646.08,254.7794324,9590.0,10444.32,9350.0,10324.0,31829.46,317.01473230000005
670,10131.04,10496.97,9352.0,9694.51,37601.32,372.9317688,9694.51,9847.0,9274.8,9590.0,26646.08,254.7794324
671,9811.04,10435.0,9570.19,10131.04,51699.13,516.7640213000001,10131.04,10496.97,9352.0,9694.51,37601.32,372.9317688
672,10437.6,10933.44,9679.0,9812.0,60160.28,612.0366001,9811.04,10435.0,9570.19,10131.04,51699.13,516.7640213000001
673,11200.99,11304.03,10200.0,10437.6,60698.11,651.8418613,10437.6,10933.44,9679.0,9812.0,60160.28,612.0366001
674,11153.0,11786.01,11100.59,11200.99,42976.9,492.45668839999996,11200.99,11304.03,10200.0,10437.6,60698.11,651.8418613
675,10383.43,11250.0,10270.33,11153.0,35933.51,391.1748958,11153.0,11786.01,11100.59,11200.99,42976.9,492.45668839999996
676,11039.55,11274.0,10080.0,10388.87,55159.58,585.9679085,10383.43,11250.0,10270.33,11153.0,35933.51,391.1748958
677,10159.98,11075.07,10050.0,11039.55,38435.94,409.2955056,11039.55,11274.0,10080.0,10388.87,55159.58,585.9679085
678,10000.09,10323.37,9666.0,10159.98,35216.36,351.7119516,10159.98,11075.07,10050.0,11039.55,38435.94,409.2955056
679,9449.99,10219.5,9301.5,10000.09,47105.76,460.45030499999996,10000.09,10323.37,9666.0,10159.98,35216.36,351.7119516
680,8539.9,9489.6,8533.0,9449.99,37166.09,336.9867089,9449.99,10219.5,9301.5,10000.09,47105.76,460.45030499999996
681,8903.0,8950.0,8351.0,8539.9,32588.8,280.5030544,8539.9,9489.6,8533.0,9449.99,37166.09,336.9867089
682,8063.88,8989.0,8053.0,8903.0,38398.92,331.4522611,8903.0,8950.0,8351.0,8539.9,32588.8,280.5030544
683,8533.98,8549.0,7726.53,8063.88,41338.22,336.8754185,8063.88,8989.0,8053.0,8903.0,38398.92,331.4522611
684,8683.92,9065.78,8120.0,8533.98,45048.99,386.3178646,8533.98,8549.0,7726.53,8063.88,41338.22,336.8754185
685,7784.02,8738.0,7784.02,8683.92,19100.17,161.66144630000002,8683.92,9065.78,8120.0,8533.98,45048.99,386.3178646
686,7599.0,7844.0,7572.09,7784.02,1376.8,10.65067329,7784.02,8738.0,7784.02,8683.92,19100.17,161.66144630000002
687,7652.14,8476.0,7150.01,7599.0,55738.8,438.3334743,7599.0,7844.0,7572.09,7784.02,1376.8,10.65067329
688,6939.99,7878.0,6000.01,7652.14,88573.43,604.8271925,7652.14,8476.0,7150.01,7599.0,55738.8,438.3334743
689,8184.81,8382.8,6625.0,6939.99,56551.1,420.7639275,6939.99,7878.0,6000.01,7652.14,88573.43,604.8271925
690,9199.96,9368.0,7930.0,8184.81,29653.19,254.7873858,8184.81,8382.8,6625.0,6939.99,56551.1,420.7639275
691,8873.03,9473.01,8229.0,9199.96,26861.87,240.16721669999998,9199.96,9368.0,7930.0,8184.81,29653.19,254.7873858
692,9224.52,9250.0,8010.02,8873.03,45683.92,397.0585955,8873.03,9473.01,8229.0,9199.96,26861.87,240.16721669999998
693,10285.1,10335.0,8750.99,9224.52,31291.48,296.17391160000005,9224.52,9250.0,8010.02,8873.03,45683.92,397.0585955
694,10237.51,10425.85,9700.0,10285.1,16790.52,169.3135119,10285.1,10335.0,8750.99,9224.52,31291.48,296.17391160000005
695,11251.0,11308.42,9900.0,10237.51,23705.37,249.66547319999998,10237.51,10425.85,9700.0,10285.1,16790.52,169.3135119
696,11879.95,11975.02,11139.55,11251.0,13396.35,153.2528303,11251.0,11308.42,9900.0,10237.51,23705.37,249.66547319999998
697,11498.31,12244.0,11408.0,11879.95,15989.57,189.55305980000003,11879.95,11975.02,11139.55,11251.0,13396.35,153.2528303
698,11089.0,11650.0,10842.69,11498.31,17752.21,200.1632186,11498.31,12244.0,11408.0,11879.95,15989.57,189.55305980000003
699,11175.27,11643.0,10311.15,11089.0,30454.62,332.16929419999997,11089.0,11650.0,10842.69,11498.31,17752.21,200.1632186
700,11349.99,11794.05,10950.21,11175.27,19534.52,221.2892307,11175.27,11643.0,10311.15,11089.0,30454.62,332.16929419999997
701,10799.18,11570.48,10500.0,11350.0,25385.61,279.9165636,11349.99,11794.05,10950.21,11175.27,19534.52,221.2892307
702,10760.05,11399.0,9905.0,10799.18,34576.61,368.5258591,10799.18,11570.48,10500.0,11350.0,25385.61,279.9165636
703,11530.0,11926.35,9900.24,10760.05,40200.74,437.39009280000005,10760.05,11399.0,9905.0,10799.18,34576.61,368.5258591
704,12799.94,12799.94,10965.0,11530.0,38198.74,448.15725210000005,11530.0,11926.35,9900.24,10760.05,40200.74,437.39009280000005
705,11474.98,13099.0,11412.45,12799.94,26892.43,335.176241,12799.94,12799.94,10965.0,11530.0,38198.74,448.15725210000005
706,10961.97,11795.0,10360.0,11474.98,31725.06,355.88606949999996,11474.98,13099.0,11412.45,12799.94,26892.43,335.176241
707,10988.79,11878.82,10435.33,10961.97,44630.41,498.5746732,10961.97,11795.0,10360.0,11474.98,31725.06,355.88606949999996
708,10900.0,11680.99,9037.94,10988.79,65739.97,676.5113972,10988.79,11878.82,10435.33,10961.97,44630.41,498.5746732
709,13539.93,13542.93,9035.0,10900.0,57782.94,659.1754592999999,10900.0,11680.99,9037.94,10988.79,65739.97,676.5113972
710,13474.99,14249.99,12781.09,13539.93,13478.7,184.658025,13539.93,13542.93,9035.0,10900.0,57782.94,659.1754592999999
711,14210.0,14339.5,12569.2,13474.99,16068.86,213.95797799999997,13474.99,14249.99,12781.09,13539.93,13478.7,184.658025
712,13740.01,14580.0,13706.15,14210.0,11761.21,166.5662345,14210.0,14339.5,12569.2,13474.99,16068.86,213.95797799999997
713,13238.78,14109.78,12500.0,13740.01,15623.63,211.7659734,13740.01,14580.0,13706.15,14210.0,11761.21,166.5662345
714,14907.09,14968.68,11400.0,13238.78,30583.29,407.4028259,13238.78,14109.78,12500.0,13740.01,15623.63,211.7659734
715,14400.0,14955.66,13131.31,14907.09,15923.89,223.1566472,14907.09,14968.68,11400.0,13238.78,30583.29,407.4028259
716,14902.54,15500.0,14011.05,14400.0,13116.63,193.0550917,14400.0,14955.66,13131.31,14907.09,15923.89,223.1566472
717,16150.03,16322.3,12812.0,14902.54,22021.1,327.29049460000005,14902.54,15500.0,14011.05,14400.0,13116.63,193.0550917
718,17069.79,17099.96,15610.0,16150.03,9055.69,149.3931719,16150.03,16322.3,12812.0,14902.54,22021.1,327.29049460000005
719,16960.39,17143.13,16011.21,17069.79,14467.86,241.0401123,17069.79,17099.96,15610.0,16150.03,9055.69,149.3931719
720,15059.54,17176.24,14400.0,16960.39,21727.09,344.8411843,16960.39,17143.13,16011.21,17069.79,14467.86,241.0401123
721,14919.51,15280.0,13918.04,15059.54,20701.32,303.5727115,15059.54,17176.24,14400.0,16960.39,21727.09,344.8411843
722,14675.11,15307.56,14150.0,14919.51,15324.48,227.4995268,14919.51,15280.0,13918.04,15059.54,20701.32,303.5727115
723,13380.0,15473.49,12890.02,14675.11,19323.86,269.07915330000003,14675.11,15307.56,14150.0,14919.51,15324.48,227.4995268
724,13716.36,13818.55,12750.0,13387.0,8229.99,109.74245390000002,13380.0,15473.49,12890.02,14675.11,19323.86,269.07915330000003
725,12440.01,14050.11,12149.98,13716.36,11185.03,147.5939197,13716.36,13818.55,12750.0,13387.0,8229.99,109.74245390000002
726,14378.9,14398.85,11750.0,12440.01,18048.22,232.72336549999997,12440.01,14050.11,12149.98,13716.36,11185.03,147.5939197
727,14182.11,14981.0,13850.0,14378.9,17529.86,253.0956872,14378.9,14398.85,11750.0,12440.01,18048.22,232.72336549999997
728,15459.99,15539.99,13150.0,14182.11,20542.86,287.0412003,14182.11,14981.0,13850.0,14378.9,17529.86,253.0956872
729,15689.01,16498.05,14200.15,15459.99,14346.0,221.7865125,15459.99,15539.99,13150.0,14182.11,20542.86,287.0412003
730,13699.34,16050.0,13533.0,15689.01,14518.35,217.0441383,15689.01,16498.05,14200.15,15459.99,14346.0,221.7865125
731,13500.0,14300.0,12708.0,13699.34,15309.82,207.21389019999998,13699.34,16050.0,13533.0,15689.01,14518.35,217.0441383
732,13300.0,13819.99,11640.0,13500.0,27308.43,349.8235876,13500.0,14300.0,12708.0,13699.34,15309.82,207.21389019999998
733,13326.61,14950.0,12978.18,13300.0,12442.98,174.97720780000003,13300.0,13819.99,11640.0,13500.0,27308.43,349.8235876
734,15492.64,15699.34,10961.0,13326.61,33474.46,443.5878263,13326.61,14950.0,12978.18,13300.0,12442.98,174.97720780000003
735,16488.98,17309.5,14022.0,15492.64,19677.98,310.22157989999994,15492.64,15699.34,10961.0,13326.61,33474.46,443.5878263
736,17295.2,17720.35,14777.66,16488.98,12787.63,210.42747110000002,16488.98,17309.5,14022.0,15492.64,19677.98,310.22157989999994
737,18856.25,18950.0,16300.0,17295.2,12628.02,222.6789798,17295.2,17720.35,14777.66,16488.98,12787.63,210.42747110000002
738,18860.02,19300.0,17029.98,18856.25,10280.98,190.0573369,18856.25,18950.0,16300.0,17295.2,12628.02,222.6789798
739,19102.66,19798.68,18510.0,18860.02,8980.73,172.1133905,18860.02,19300.0,17029.98,18856.25,10280.98,190.0573369
740,17539.83,19539.0,17190.01,19102.66,4118.28,74.73657726,19102.66,19798.68,18510.0,18860.02,8980.73,172.1133905
741,16334.98,17991.0,16298.45,17539.83,8999.13,156.6450986,17539.83,19539.0,17190.01,19102.66,4118.28,74.73657726
742,16033.29,16445.0,15450.0,16334.98,11220.26,179.7143687,16334.98,17991.0,16298.45,17539.83,8999.13,156.6450986
743,16349.99,16546.0,14666.56,16033.29,12216.88,193.6593099,16033.29,16445.0,15450.0,16334.98,11220.26,179.7143687
744,16587.97,16976.45,15875.0,16349.99,9309.36,153.6186812,16349.99,16546.0,14666.56,16033.29,12216.88,193.6593099
745,14899.98,17470.0,14899.98,16587.97,11632.79,189.99175459999998,16587.97,16976.45,15875.0,16349.99,9309.36,153.6186812
746,14656.07,15720.12,12368.0,14899.98,16107.43,227.4508199,14899.98,17470.0,14899.98,16587.97,11632.79,189.99175459999998
747,15880.0,16269.3,12535.0,14656.07,13725.0,202.6104786,14656.07,15720.12,12368.0,14899.98,16107.43,227.4508199
748,16599.0,17204.99,14015.0,15880.0,17344.04,267.7900285,15880.0,16269.3,12535.0,14656.07,13725.0,202.6104786
749,13550.05,16649.96,13050.0,16599.0,7262.95,106.2762612,16599.0,17204.99,14015.0,15880.0,17344.04,267.7900285
750,11699.99,13615.23,11665.58,13550.05,6556.68,82.49314976,13550.05,16649.96,13050.0,16599.0,7262.95,106.2762612
751,11579.0,11853.0,11447.68,11699.99,5510.92,64.25681715,11699.99,13615.23,11665.58,13550.05,6556.68,82.49314976
752,11165.41,11600.0,10802.0,11579.0,4599.15,52.08805928,11579.0,11853.0,11447.68,11699.99,5510.92,64.25681715
753,10890.01,11825.0,10500.0,11165.41,5212.23,58.84708926,11165.41,11600.0,10802.0,11579.0,4599.15,52.08805928
754,10782.99,11190.0,10620.0,10890.01,4700.93,51.34378605,10890.01,11825.0,10500.0,11165.41,5212.23,58.84708926
755,9838.96,10898.0,9380.0,10782.99,6033.85,61.23861944,10782.99,11190.0,10620.0,10890.01,4700.93,51.34378605
756,9687.88,10900.0,8850.8,9838.96,9181.76,89.44370791,9838.96,10898.0,9380.0,10782.99,6033.85,61.23861944
757,9896.8,11300.03,8520.0,9687.88,13041.92,132.8921254,9687.88,10900.0,8850.8,9838.96,9181.76,89.44370791
758,9650.0,9939.0,9570.5,9896.8,4877.07,47.842436799999994,9896.8,11300.03,8520.0,9687.88,13041.92,132.8921254
759,9128.02,9654.28,9112.04,9650.0,4473.98,42.51040837,9650.0,9939.0,9570.5,9896.8,4877.07,47.842436799999994
760,8700.01,9350.0,8604.72,9128.02,4108.18,36.78879823,9128.02,9654.28,9112.04,9650.0,4473.98,42.51040837
761,8138.0,8734.78,8090.0,8700.01,4228.66,35.55746289,8700.01,9350.0,8604.72,9128.02,4108.18,36.78879823
762,8019.99,8369.0,7850.0,8138.0,4331.83,35.19069502,8138.0,8734.78,8090.0,8700.01,4228.66,35.55746289
763,8205.92,8260.0,8000.0,8019.99,4054.54,33.07879197,8019.99,8369.0,7850.0,8138.0,4331.83,35.19069502
764,8119.51,8322.68,8091.09,8205.92,3518.81,28.90967215,8205.92,8260.0,8000.0,8019.99,4054.54,33.07879197
765,8212.0,8400.0,7801.0,8119.51,4468.09,36.45926283,8119.51,8322.68,8091.09,8205.92,3518.81,28.90967215
766,8038.0,8319.99,7954.0,8212.0,3857.0,31.32590401,8212.0,8400.0,7801.0,8119.51,4468.09,36.45926283
767,7761.94,8123.15,7650.33,8038.0,3845.99,30.15581114,8038.0,8319.99,7954.0,8212.0,3857.0,31.32590401
768,7699.19,7819.99,7422.0,7761.94,3912.88,30.01808564,7761.94,8123.15,7650.33,8038.0,3845.99,30.15581114
769,7864.5,7989.0,7451.0,7699.19,3893.14,30.33155117,7699.19,7819.99,7422.0,7761.94,3912.88,30.01808564
770,7240.06,7940.0,7076.0,7864.5,2294.2,17.21874272,7864.5,7989.0,7451.0,7699.19,3893.14,30.33155117
771,6574.99,7298.0,6574.99,7240.06,1745.83,12.20926029,7240.06,7940.0,7076.0,7864.5,2294.2,17.21874272
772,6465.99,6684.98,6311.07,6574.99,1228.66,8.00221802,6574.99,7298.0,6574.99,7240.06,1745.83,12.20926029
773,5811.03,6697.47,5699.99,6465.99,2543.41,16.02129787,6465.99,6684.98,6311.07,6574.99,1228.66,8.00221802
774,6245.05,6630.0,5325.01,5811.03,4854.44,29.03226806,5811.03,6697.47,5699.99,6465.99,2543.41,16.02129787
775,6506.98,6797.98,6100.0,6245.05,2685.67,17.24460114,6245.05,6630.0,5325.01,5811.03,4854.44,29.03226806
776,7079.99,7279.91,6255.01,6506.98,3186.23,21.62289873,6506.98,6797.98,6100.0,6245.05,2685.67,17.24460114
777,7303.0,7392.0,7015.0,7079.99,1893.28,13.65425441,7079.99,7279.91,6255.01,6506.98,3186.23,21.62289873
778,7064.04,7770.0,6651.0,7303.0,2726.84,19.80196739,7303.0,7392.0,7015.0,7079.99,1893.28,13.65425441
779,6960.12,7198.49,6901.0,7064.04,1421.75,10.04306188,7064.04,7770.0,6651.0,7303.0,2726.84,19.80196739
780,7345.01,7401.0,6906.0,6960.12,1741.45,12.51822429,6960.12,7198.49,6901.0,7064.04,1421.75,10.04306188
781,7357.09,7590.25,7279.02,7345.01,1192.58,8.88710979,7345.01,7401.0,6906.0,6960.12,1741.45,12.51822429
782,7115.04,7480.99,6901.0,7357.09,1385.7,9.96748556,7357.09,7590.25,7279.02,7345.01,1192.58,8.88710979
783,7019.98,7346.34,6923.0,7115.04,1857.73,13.37196176,7115.04,7480.99,6901.0,7357.09,1385.7,9.96748556
784,6753.98,7300.0,6685.1,7019.98,2459.59,17.06569469,7019.98,7346.34,6923.0,7115.04,1857.73,13.37196176
785,6463.0,6774.67,6338.02,6753.98,1659.85,10.84826096,6753.98,7300.0,6685.1,7019.98,2459.59,17.06569469
786,6120.5,6498.01,6100.0,6463.0,1498.91,9.40585526,6463.0,6774.67,6338.02,6753.98,1659.85,10.84826096
787,6169.98,6248.68,6030.0,6120.5,1467.03,8.98941291,6120.5,6498.01,6100.0,6463.0,1498.91,9.40585526
788,5719.64,6189.88,5648.01,6169.98,1783.44,10.49467052,6169.98,6248.68,6030.0,6120.5,1467.03,8.98941291
789,5768.83,5850.02,5630.03,5719.64,1269.38,7.26528661,5719.64,6189.88,5648.01,6169.98,1783.44,10.49467052
790,5861.77,5980.0,5649.24,5768.83,1394.13,8.11088965,5768.83,5850.02,5630.03,5719.64,1269.38,7.26528661
791,5689.99,5939.99,5650.0,5861.77,1959.75,11.34055863,5861.77,5980.0,5649.24,5768.83,1394.13,8.11088965
792,5477.03,5704.96,5286.98,5689.99,2256.1,12.39853397,5689.99,5939.99,5650.0,5861.77,1959.75,11.34055863
793,5915.93,5925.0,5450.0,5477.03,2555.89,14.42668747,5477.03,5704.96,5286.98,5689.99,2256.1,12.39853397
794,5950.02,6080.0,5621.03,5915.93,1788.86,10.46870939,5915.93,5925.0,5450.0,5477.03,2555.89,14.42668747
795,6024.97,6060.0,5720.03,5950.02,1347.95,7.95148714,5950.02,6080.0,5621.03,5915.93,1788.86,10.46870939
796,6010.01,6171.0,5850.03,6024.97,1650.65,10.03191073,6024.97,6060.0,5720.03,5950.02,1347.95,7.95148714
797,5683.9,6110.0,5600.0,6010.01,1930.56,11.23571466,6010.01,6171.0,5850.03,6024.97,1650.65,10.03191073
798,5512.06,5710.0,5490.26,5683.9,1869.04,10.53778167,5683.9,6110.0,5600.0,6010.01,1930.56,11.23571466
799,5595.0,5596.0,5037.95,5512.06,2295.6,12.33712276,5512.06,5710.0,5490.26,5683.9,1869.04,10.53778167
800,5760.02,5774.98,5508.63,5595.0,1422.23,7.99864463,5595.0,5596.0,5037.95,5512.06,2295.6,12.33712276
801,5709.99,5788.91,5585.19,5760.02,1516.11,8.62852843,5760.02,5774.98,5508.63,5595.0,1422.23,7.99864463
802,5869.99,5922.3,5400.01,5709.99,1329.45,7.47493437,5709.99,5788.91,5585.19,5760.02,1516.11,8.62852843
803,5649.98,5900.0,5580.01,5869.99,966.19,5.50793389,5869.99,5922.3,5400.01,5709.99,1329.45,7.47493437
804,5430.0,5846.17,5379.84,5649.98,1865.9,10.51903483,5649.98,5900.0,5580.01,5869.99,966.19,5.50793389
805,4821.43,5439.99,4810.16,5430.0,1267.18,6.610146,5430.0,5846.17,5379.84,5649.98,1865.9,10.51903483
806,4783.06,4881.61,4710.0,4821.43,736.72,3.52950387,4821.43,5439.99,4810.16,5430.0,1267.18,6.610146
807,4786.95,4960.0,4680.59,4783.06,1036.4,5.01147095,4783.06,4881.61,4710.0,4821.43,736.72,3.52950387
808,4640.0,4889.98,4550.0,4786.95,639.27,3.00646577,4786.95,4960.0,4680.59,4783.06,1036.4,5.01147095
809,4423.0,4658.0,4423.0,4640.0,504.13,2.28241229,4640.0,4889.98,4550.0,4786.95,639.27,3.00646577
810,4369.0,4479.5,4312.56,4423.0,288.14,1.2613676,4423.0,4658.0,4423.0,4640.0,504.13,2.28241229
811,4292.43,4417.0,4292.0,4369.0,502.17,2.19313164,4369.0,4479.5,4312.56,4423.0,288.14,1.2613676
812,4208.59,4355.0,4110.0,4292.43,760.44,3.21662042,4292.43,4417.0,4292.0,4369.0,502.17,2.19313164
813,4310.0,4373.0,4142.0,4208.59,859.82,3.6399169999999996,4208.59,4355.0,4110.0,4292.43,760.44,3.21662042
814,4380.0,4467.33,4180.8,4310.0,1070.97,4.57912209,4310.0,4373.0,4142.0,4208.59,859.82,3.6399169999999996
815,4378.48,4561.63,4360.0,4380.0,634.55,2.81113103,4380.0,4467.33,4180.8,4310.0,1070.97,4.57912209
816,4378.51,4406.52,4240.04,4378.48,724.9,3.12823171,4378.48,4561.63,4360.0,4380.0,634.55,2.81113103
817,4174.69,4380.0,4138.1,4378.51,705.52,3.02526575,4378.51,4406.52,4240.04,4378.48,724.9,3.12823171
818,4174.5,4263.86,3952.01,4174.69,1561.22,6.40306839,4174.69,4380.0,4138.1,4378.51,705.52,3.02526575
819,4193.0,4300.0,4101.0,4174.5,839.55,3.51005209,4174.5,4263.86,3952.01,4174.69,1561.22,6.40306839
820,3882.35,4249.94,3872.81,4193.0,625.3,2.54287229,4193.0,4300.0,4101.0,4174.5,839.55,3.51005209
821,3920.75,3976.99,3850.05,3882.35,523.31,2.04785728,3882.35,4249.94,3872.81,4193.0,625.3,2.54287229
822,3660.02,3979.87,3653.69,3920.75,720.64,2.75595753,3920.75,3976.99,3850.05,3882.35,523.31,2.04785728
823,3780.0,3789.99,3622.76,3660.02,659.82,2.4390452000000002,3660.02,3979.87,3653.69,3920.75,720.64,2.75595753
824,3595.87,3817.19,3542.91,3780.0,747.79,2.78115857,3780.0,3789.99,3622.76,3660.02,659.82,2.4390452000000002
825,3609.99,3750.0,3505.55,3595.87,833.3,3.01122481,3595.87,3817.19,3542.91,3780.0,747.79,2.78115857
826,3900.0,3910.0,3567.0,3609.99,971.06,3.64267189,3609.99,3750.0,3505.55,3595.87,833.3,3.01122481
827,3910.04,4046.08,3820.0,3900.0,719.59,2.83426005,3900.0,3910.0,3567.0,3609.99,971.06,3.64267189
828,4035.01,4089.97,3830.91,3910.04,898.81,3.54436184,3910.04,4046.08,3820.0,3900.0,719.59,2.83426005
829,3699.99,4123.2,3690.0,4035.01,1027.67,4.05970398,4035.01,4089.97,3830.91,3910.04,898.81,3.54436184
830,3714.95,3748.21,3499.02,3699.99,676.16,2.44532119,3699.99,4123.2,3690.0,4035.01,1027.67,4.05970398
831,3700.0,3950.0,3470.66,3714.95,1280.1,4.73932689,3714.95,3748.21,3499.02,3699.99,676.16,2.44532119
832,3189.02,3856.0,2817.0,3700.0,1949.32,6.52522095,3700.0,3950.0,3470.66,3714.95,1280.1,4.73932689
833,3944.69,3993.0,3165.13,3189.02,1642.54,5.83184765,3189.02,3856.0,2817.0,3700.0,1949.32,6.52522095
834,4163.72,4165.38,3760.0,3944.69,901.25,3.52215598,3944.69,3993.0,3165.13,3189.02,1642.54,5.83184765
835,4208.47,4394.59,4040.8,4163.72,873.9,3.70078923,4163.72,4165.38,3760.0,3944.69,901.25,3.52215598
836,4130.37,4334.43,4098.91,4208.47,685.57,2.89573388,4208.47,4394.59,4040.8,4163.72,873.9,3.70078923
837,4258.81,4283.0,3801.0,4130.37,648.94,2.6532182,4130.37,4334.43,4098.91,4208.47,685.57,2.89573388
838,4282.8,4426.62,4150.06,4258.81,658.59,2.81456035,4258.81,4283.0,3801.0,4130.37,648.94,2.6532182
839,4691.61,4735.39,4028.93,4282.8,1108.34,4.76400593,4282.8,4426.62,4150.06,4258.81,658.59,2.81456035
840,4619.77,4788.59,4438.19,4691.61,481.83,2.21966492,4691.61,4735.39,4028.93,4282.8,1108.34,4.76400593
841,4366.47,4662.87,4335.26,4619.77,779.5,3.50073596,4619.77,4788.59,4438.19,4691.61,481.83,2.21966492
842,4100.11,4484.99,3603.0,4366.47,1175.2,4.86314822,4366.47,4662.87,4335.26,4619.77,779.5,3.50073596
843,4509.08,4527.49,3972.51,4100.11,1309.91,5.55054561,4100.11,4484.99,3603.0,4366.47,1175.2,4.86314822
844,4472.14,4714.76,4298.33,4509.08,666.62,3.0110235,4509.08,4527.49,3972.51,4100.11,1309.91,5.55054561
845,4834.91,4939.19,4286.87,4472.14,888.18,4.07296536,4472.14,4714.76,4298.33,4509.08,666.62,3.0110235
846,4724.89,4885.55,4654.88,4834.91,554.18,2.63405629,4834.91,4939.19,4286.87,4472.14,888.18,4.07296536
847,4555.14,4745.42,4555.14,4724.89,550.18,2.54838443,4724.89,4885.55,4654.88,4834.91,554.18,2.63405629
848,4587.48,4647.51,4416.01,4555.14,790.13,3.60073768,4555.14,4745.42,4555.14,4724.89,550.18,2.54838443
849,4386.69,4625.85,4313.55,4587.48,594.12,2.64058483,4587.48,4647.51,4416.01,4555.14,790.13,3.60073768
850,4310.01,4399.82,4124.54,4386.69,593.15,2.54661875,4386.69,4625.85,4313.55,4587.48,594.12,2.64058483
851,4337.44,4400.0,4285.54,4310.01,347.47,1.50758996,4310.01,4399.82,4124.54,4386.69,593.15,2.54661875
852,4280.68,4367.0,4212.41,4337.44,225.76,0.96775332,4337.44,4400.0,4285.54,4310.01,347.47,1.50758996
853,4316.01,4453.91,4247.48,4280.68,563.36,2.44032379,4280.68,4367.0,4212.41,4337.44,225.76,0.96775332
854,4114.01,4371.68,4085.01,4316.01,770.46,3.2254058,4316.01,4453.91,4247.48,4280.68,563.36,2.44032379
855,4040.0,4265.8,4013.89,4114.01,980.5,4.06250652,4114.01,4371.68,4085.01,4316.01,770.46,3.2254058
856,4016.0,4104.82,3400.0,4040.0,939.91,3.6487265,4040.0,4265.8,4013.89,4114.01,980.5,4.06250652
857,4086.29,4119.62,3911.79,4016.0,685.12,2.77059206,4016.0,4104.82,3400.0,4040.0,939.91,3.6487265
858,4139.98,4211.08,4032.62,4086.29,463.54,1.91563635,4086.29,4119.62,3911.79,4016.0,685.12,2.77059206
859,4108.37,4184.69,3850.0,4139.98,371.15,1.50823939,4139.98,4211.08,4032.62,4086.29,463.54,1.91563635
860,4285.08,4371.52,3938.77,4108.37,1178.07,4.99449356,4108.37,4184.69,3850.0,4139.98,371.15,1.50823939
861,4469.93,4485.39,4200.74,4285.08,647.86,2.81237911,4285.08,4371.52,3938.77,4108.37,1178.07,4.99449356
